Category,file_type,perc_number
Toolkit,.csl,39.4564
Toolkit,Python,30.6643
Toolkit,Python,26.9755
Toolkit,Python,13.3837
Toolkit,Python,30.0799
Toolkit,Python,32.7534
Toolkit,Python,4.4355
Toolkit,Python,15.8286
Toolkit,Python,9.2851
Toolkit,Python,25.0039
Toolkit,Python,23.2999
Toolkit,Python,18.107
Toolkit,Python,28.0194
Toolkit,Python,1.7701
Toolkit,Python,18.7028
Toolkit,Python,30.4917
Toolkit,Python,5.6714
Toolkit,Python,14.4819
Toolkit,Python,20.4156
Toolkit,Python,4.4124
Toolkit,Python,13.5041
Toolkit,Python,2.0646
Toolkit,Python,31.3333
Toolkit,Python,21.4535
Toolkit,Python,15.0063
Toolkit,Python,4.5483
Toolkit,Python,10.0484
Toolkit,Python,30.9416
Toolkit,Python,18.7984
Toolkit,Python,26.0139
Toolkit,Python,3.5625
Toolkit,Python,19.8674
Toolkit,Python,11.7153
Toolkit,Python,20.3013
Toolkit,Python,18.4339
Toolkit,Python,21.1572
Toolkit,Python,6.4527
Toolkit,Python,0.0595
Toolkit,Python,15.7221
Toolkit,Python,5.5658
Toolkit,Python,36.2174
Toolkit,Python,22.5547
Toolkit,Python,21.3231
Toolkit,Python,21.3226
Toolkit,Python,7.637
Toolkit,Python,28.752
Toolkit,Python,6.6612
Toolkit,Python,7.7722
Toolkit,Python,2.5277
Toolkit,Python,32.5051
Toolkit,Python,0.0817
Toolkit,Python,25.097
Toolkit,Python,0.0422
Toolkit,Python,23.6514
Toolkit,Python,7.1166
Toolkit,Python,25.7042
Toolkit,Python,21.1241
Toolkit,Python,33.9976
Toolkit,Python,13.5075
Toolkit,Python,0.176
Toolkit,C/C++,3.3599
Toolkit,C/C++,12.4743
Toolkit,C/C++,4.2364
Toolkit,C/C++,14.8681
Toolkit,C/C++,11.3716
Toolkit,C/C++,41.9746
Toolkit,C/C++,14.123
Toolkit,C/C++,11.9091
Toolkit,C/C++,22.5041
Toolkit,C/C++,18.231
Toolkit,C/C++,23.4435
Toolkit,C/C++,15.5728
Toolkit,C/C++,36.9497
Toolkit,C/C++,11.3621
Toolkit,C/C++,12.6561
Toolkit,C/C++,2.5388
Toolkit,C/C++,9.1272
Toolkit,C/C++,16.8359
Toolkit,C/C++,10.7609
Toolkit,C/C++,5.1029
Toolkit,C/C++,42.648
Toolkit,C/C++,30.6325
Toolkit,C/C++,7.8374
Toolkit,C/C++,13.9213
Toolkit,C/C++,30.1295
Toolkit,C/C++,17.3747
Toolkit,C/C++,18.0847
Toolkit,C/C++,24.8408
Toolkit,C/C++,13.4932
Toolkit,C/C++,40.9996
Toolkit,C/C++,21.2164
Toolkit,C/C++,28.8689
Toolkit,C/C++,21.5147
Toolkit,C/C++,9.5753
Toolkit,C/C++,3.6173
Toolkit,C/C++,15.3448
Toolkit,C/C++,9.956
Toolkit,C/C++,26.5072
Toolkit,C/C++,6.2156
Toolkit,C/C++,5.933
Toolkit,C/C++,12.7182
Toolkit,C/C++,16.4009
Toolkit,C/C++,8.3423
Toolkit,C/C++,10.499
Toolkit,C/C++,10.1099
Toolkit,C/C++,10.6201
Toolkit,C/C++,19.7796
Toolkit,C/C++,31.9768
Toolkit,C/C++,8.7035
Toolkit,C/C++,0.314
Toolkit,C/C++,17.9782
Toolkit,C/C++,35.4364
Toolkit,C/C++,10.4999
Toolkit,C/C++,14.5407
Toolkit,C/C++,9.1586
Toolkit,C/C++,24.155
Toolkit,C/C++,3.7311
Toolkit,PEP,7.2606
Toolkit,PEP,19.8673
Toolkit,PEP,9.5795
Toolkit,PEP,28.6739
Toolkit,PEP,29.6265
Toolkit,PEP,11.6349
Toolkit,PEP,0.2289
Toolkit,PEP,15.8796
Toolkit,PEP,19.8294
Toolkit,PEP,15.5704
Toolkit,PEP,0.0643
Toolkit,PEP,0.9897
Toolkit,PEP,13.1446
Toolkit,PEP,9.0912
Toolkit,PEP,9.9717
Toolkit,PEP,15.528
Toolkit,PEP,17.7917
Toolkit,PEP,4.6432
Toolkit,PEP,13.7788
Toolkit,PEP,1.7448
Toolkit,PEP,1.4961
Toolkit,PEP,18.404
Toolkit,PEP,13.9559
Toolkit,PEP,25.8174
Toolkit,PEP,3.7675
Toolkit,PEP,14.8272
Toolkit,PEP,20.8856
Toolkit,PEP,1.9433
Toolkit,PEP,17.7217
Toolkit,PEP,10.2407
Toolkit,PEP,14.0669
Toolkit,PEP,16.7707
Toolkit,PEP,20.7708
Toolkit,PEP,3.4754
Toolkit,PEP,18.6319
Toolkit,PEP,3.1716
Toolkit,PEP,33.2588
Toolkit,PEP,22.587
Toolkit,PEP,23.4318
Toolkit,PEP,21.7844
Toolkit,PEP,5.0818
Toolkit,PEP,25.357
Toolkit,PEP,14.1011
Toolkit,PEP,19.5617
Toolkit,PEP,2.3034
Toolkit,PEP,28.0599
Toolkit,PEP,0.0613
Toolkit,PEP,59.4714
Toolkit,PEP,19.578
Toolkit,PEP,6.0626
Toolkit,PEP,0.0793
Toolkit,PEP,16.5531
Toolkit,PEP,23.9395
Toolkit,PEP,2.777
Toolkit,.pass.1,8.5393
Toolkit,.nii.1,8.1753
Toolkit,Julia,4.8161
Toolkit,Julia,10.8679
Toolkit,.htf,6.8371
Toolkit,Ruby,12.8532
Toolkit,Ruby,0.2506
Toolkit,Ruby,1.7185
Toolkit,ELF/COFF,7.7481
Toolkit,ELF/COFF,3.8353
Toolkit,ELF/COFF,2.1885
Toolkit,ELF/COFF,1.8652
Toolkit,ELF/COFF,2.7477
Toolkit,ELF/COFF,3.3869
Toolkit,ELF/COFF,4.9401
Toolkit,ELF/COFF,5.4934
Toolkit,ELF/COFF,1.5145
Toolkit,ELF/COFF,2.2732
Toolkit,ELF/COFF,2.9338
Toolkit,ELF/COFF,4.3203
Toolkit,ELF/COFF,3.262
Toolkit,ELF/COFF,6.6212
Toolkit,ELF/COFF,4.2986
Toolkit,ELF/COFF,2.6384
Toolkit,ELF/COFF,8.2511
Toolkit,ELF/COFF,5.1074
Toolkit,ELF/COFF,8.9881
Toolkit,ELF/COFF,2.6255
Toolkit,ELF/COFF,3.512
Toolkit,ELF/COFF,3.8485
Toolkit,ELF/COFF,5.2912
Toolkit,ELF/COFF,8.2708
Toolkit,ELF/COFF,4.2325
Toolkit,ELF/COFF,4.8541
Toolkit,ELF/COFF,3.4059
Toolkit,ELF/COFF,3.1205
Toolkit,ELF/COFF,4.4532
Toolkit,ELF/COFF,4.7583
Toolkit,ELF/COFF,2.5714
Toolkit,ELF/COFF,3.2349
Toolkit,ELF/COFF,1.9731
Toolkit,ELF/COFF,3.2263
Toolkit,ELF/COFF,2.8392
Toolkit,ELF/COFF,3.9304
Toolkit,ELF/COFF,6.1972
Toolkit,ELF/COFF,4.6429
Toolkit,ELF/COFF,3.6697
Toolkit,ELF/COFF,1.943
Toolkit,ELF/COFF,1.9315
Toolkit,ELF/COFF,4.7706
Toolkit,ELF/COFF,4.1957
Toolkit,ELF/COFF,6.46
Toolkit,ELF/COFF,1.7591
Toolkit,ELF/COFF,0.6549
Toolkit,ELF/COFF,7.1378
Toolkit,ELF/COFF,3.4777
Toolkit,ELF/COFF,2.4172
Toolkit,ELF/COFF,10.4467
Toolkit,ELF/COFF,9.4791
Toolkit,ELF/COFF,3.229
Toolkit,ELF/COFF,4.164
Toolkit,ELF/COFF,0.952
Toolkit,ELF/COFF,9.0344
Toolkit,ELF/COFF,3.3593
Toolkit,ELF/COFF,1.7733
Toolkit,ELF/COFF,1.087
Toolkit,ELF/COFF,18.1274
Toolkit,Perl,1.6054
Toolkit,Perl,3.5173
Toolkit,Perl,2.5464
Toolkit,Perl,2.633
Toolkit,Perl,1.8811
Toolkit,Perl,2.2713
Toolkit,Perl,6.2889
Toolkit,Perl,6.8933
Toolkit,Perl,2.3821
Toolkit,Perl,1.3897
Toolkit,Perl,2.8913
Toolkit,Perl,5.7671
Toolkit,Perl,3.1537
Toolkit,Perl,5.4053
Toolkit,Perl,1.7778
Toolkit,Perl,11.5986
Toolkit,Perl,2.6937
Toolkit,Perl,3.8384
Toolkit,Perl,3.0828
Toolkit,Perl,3.0181
Toolkit,Perl,3.2753
Toolkit,Perl,3.9996
Toolkit,Perl,11.5318
Toolkit,Perl,5.8416
Toolkit,Perl,10.479
Toolkit,Perl,1.3508
Toolkit,Perl,2.0753
Toolkit,Perl,3.6277
Toolkit,Perl,2.8226
Toolkit,Perl,3.9588
Toolkit,Perl,2.5952
Toolkit,Perl,0.9796
Toolkit,Perl,4.2117
Toolkit,Perl,1.9401
Toolkit,Perl,3.5153
Toolkit,Perl,8.4929
Toolkit,Perl,3.305
Toolkit,Perl,4.4351
Toolkit,Perl,2.7415
Toolkit,Perl,2.8091
Toolkit,Perl,1.3747
Toolkit,Perl,8.3522
Toolkit,Perl,5.1975
Toolkit,Perl,2.2239
Toolkit,Perl,0.1025
Toolkit,Perl,3.3453
Toolkit,Perl,2.5145
Toolkit,Perl,9.5206
Toolkit,Perl,0.0817
Toolkit,Perl,3.1399
Toolkit,Perl,3.3226
Toolkit,Perl,1.3654
Toolkit,Perl,4.33
Toolkit,Perl,5.5691
Toolkit,Perl,2.6038
Toolkit,Perl,0.5471
Toolkit,Perl,25.132
Toolkit,archive,7.5935
Toolkit,archive,0.2882
Toolkit,archive,2.5231
Toolkit,archive,0.3596
Toolkit,archive,20.3384
Toolkit,archive,0.1774
Toolkit,archive,0.2257
Toolkit,archive,12.2185
Toolkit,archive,0.0732
Toolkit,archive,7.3758
Toolkit,archive,4.5214
Toolkit,archive,7.7803
Toolkit,archive,20.5144
Toolkit,archive,6.4041
Toolkit,archive,0.0372
Toolkit,archive,3.2333
Toolkit,archive,4.788
Toolkit,archive,0.0808
Toolkit,archive,9.2502
Toolkit,archive,0.0904
Toolkit,archive,0.4999
Toolkit,archive,4.8592
Toolkit,archive,3.9029
Toolkit,archive,0.0549
Toolkit,archive,0.0664
Toolkit,archive,1.2508
Toolkit,archive,0.1604
Toolkit,archive,3.4882
Toolkit,archive,3.1969
Toolkit,archive,0.3526
Toolkit,archive,0.07
Toolkit,archive,1.5037
Toolkit,archive,0.8909
Toolkit,archive,5.335
Toolkit,archive,0.049
Toolkit,archive,1.1918
Toolkit,archive,0.1422
Toolkit,archive,0.5039
Toolkit,archive,2.2574
Toolkit,archive,0.0516
Toolkit,archive,4.4103
Toolkit,archive,8.0922
Toolkit,archive,0.3534
Toolkit,archive,0.0704
MLOps/ AIOps,Python,12.1655
MLOps/ AIOps,Python,3.7963
MLOps/ AIOps,Python,23.9149
MLOps/ AIOps,Python,39.1366
MLOps/ AIOps,Python,3.6059
MLOps/ AIOps,Python,19.6268
MLOps/ AIOps,Python,13.9704
MLOps/ AIOps,Python,13.9304
MLOps/ AIOps,Python,14.709
MLOps/ AIOps,Python,27.9358
MLOps/ AIOps,Python,20.0086
MLOps/ AIOps,Python,1.1543
MLOps/ AIOps,Python,17.2115
MLOps/ AIOps,Python,7.932
MLOps/ AIOps,Python,15.8609
MLOps/ AIOps,Python,15.0269
MLOps/ AIOps,Python,1.8394
MLOps/ AIOps,Python,4.6285
MLOps/ AIOps,Python,10.314
MLOps/ AIOps,Python,18.5196
MLOps/ AIOps,Python,13.9922
MLOps/ AIOps,Python,18.2762
MLOps/ AIOps,Python,4.8615
MLOps/ AIOps,Python,13.8568
MLOps/ AIOps,Python,0.0955
MLOps/ AIOps,Python,3.5813
MLOps/ AIOps,Python,16.4913
MLOps/ AIOps,Python,20.0901
MLOps/ AIOps,Python,28.029
MLOps/ AIOps,Python,27.8098
MLOps/ AIOps,Python,13.3539
MLOps/ AIOps,Python,15.0196
MLOps/ AIOps,Python,30.4914
MLOps/ AIOps,Python,2.967
MLOps/ AIOps,Python,36.4752
MLOps/ AIOps,Python,3.3265
MLOps/ AIOps,Python,3.6391
MLOps/ AIOps,Python,23.8551
MLOps/ AIOps,Python,22.3131
MLOps/ AIOps,Python,27.1991
MLOps/ AIOps,Python,21.398
MLOps/ AIOps,Python,18.9321
MLOps/ AIOps,Python,2.3382
MLOps/ AIOps,Python,31.0317
MLOps/ AIOps,Python,21.9464
MLOps/ AIOps,Python,0.1459
MLOps/ AIOps,Python,25.3833
MLOps/ AIOps,Python,27.5371
MLOps/ AIOps,Python,6.9405
MLOps/ AIOps,Python,30.3251
MLOps/ AIOps,Python,24.9361
MLOps/ AIOps,Python,25.6176
MLOps/ AIOps,Python,13.5072
MLOps/ AIOps,Python,15.712
MLOps/ AIOps,Python,3.3258
MLOps/ AIOps,Python,30.2461
MLOps/ AIOps,Python,27.559
MLOps/ AIOps,Python,19.6337
MLOps/ AIOps,Python,13.6716
MLOps/ AIOps,Python,31.0539
MLOps/ AIOps,Python,19.6666
MLOps/ AIOps,Python,27.4719
MLOps/ AIOps,Python,13.3112
MLOps/ AIOps,Python,25.7135
MLOps/ AIOps,Python,16.408
MLOps/ AIOps,Python,32.5246
MLOps/ AIOps,Python,13.3731
MLOps/ AIOps,Python,21.8426
MLOps/ AIOps,Python,8.0273
MLOps/ AIOps,Python,21.6138
MLOps/ AIOps,Python,30.8046
MLOps/ AIOps,Python,5.2547
MLOps/ AIOps,Python,14.904
MLOps/ AIOps,Python,33.612
MLOps/ AIOps,Python,13.1769
MLOps/ AIOps,Python,0.1558
MLOps/ AIOps,Python,32.9471
MLOps/ AIOps,Python,24.9592
MLOps/ AIOps,PEP,5.6244
MLOps/ AIOps,PEP,1.1596
MLOps/ AIOps,PEP,16.4711
MLOps/ AIOps,PEP,38.5434
MLOps/ AIOps,PEP,0.2589
MLOps/ AIOps,PEP,16.4528
MLOps/ AIOps,PEP,13.0289
MLOps/ AIOps,PEP,14.0894
MLOps/ AIOps,PEP,13.639
MLOps/ AIOps,PEP,25.8502
MLOps/ AIOps,PEP,23.9884
MLOps/ AIOps,PEP,0.2883
MLOps/ AIOps,PEP,17.3072
MLOps/ AIOps,PEP,8.4004
MLOps/ AIOps,PEP,12.141
MLOps/ AIOps,PEP,14.9046
MLOps/ AIOps,PEP,1.8715
MLOps/ AIOps,PEP,4.1808
MLOps/ AIOps,PEP,9.5083
MLOps/ AIOps,PEP,17.0287
MLOps/ AIOps,PEP,12.3111
MLOps/ AIOps,PEP,12.3895
MLOps/ AIOps,PEP,38.2172
MLOps/ AIOps,PEP,13.9693
MLOps/ AIOps,PEP,13.799
MLOps/ AIOps,PEP,17.2841
MLOps/ AIOps,PEP,25.0355
MLOps/ AIOps,PEP,8.6666
MLOps/ AIOps,PEP,14.3136
MLOps/ AIOps,PEP,14.8973
MLOps/ AIOps,PEP,29.4054
MLOps/ AIOps,PEP,3.1257
MLOps/ AIOps,PEP,35.4561
MLOps/ AIOps,PEP,1.199
MLOps/ AIOps,PEP,2.9037
MLOps/ AIOps,PEP,21.3166
MLOps/ AIOps,PEP,19.8753
MLOps/ AIOps,PEP,23.4237
MLOps/ AIOps,PEP,19.3099
MLOps/ AIOps,PEP,21.4843
MLOps/ AIOps,PEP,2.3225
MLOps/ AIOps,PEP,19.3112
MLOps/ AIOps,PEP,21.9318
MLOps/ AIOps,PEP,24.3117
MLOps/ AIOps,PEP,1.2961
MLOps/ AIOps,PEP,22.0271
MLOps/ AIOps,PEP,21.021
MLOps/ AIOps,PEP,2.7769
MLOps/ AIOps,PEP,12.9304
MLOps/ AIOps,PEP,2.8887
MLOps/ AIOps,PEP,5.2904
MLOps/ AIOps,PEP,11.4039
MLOps/ AIOps,PEP,17.6769
MLOps/ AIOps,PEP,10.9166
MLOps/ AIOps,PEP,23.5054
MLOps/ AIOps,PEP,16.9399
MLOps/ AIOps,PEP,27.3256
MLOps/ AIOps,PEP,1.1793
MLOps/ AIOps,PEP,24.3707
MLOps/ AIOps,PEP,11.6798
MLOps/ AIOps,PEP,28.4413
MLOps/ AIOps,PEP,6.0001
MLOps/ AIOps,PEP,21.8139
MLOps/ AIOps,PEP,6.5245
MLOps/ AIOps,PEP,20.8728
MLOps/ AIOps,PEP,29.3648
MLOps/ AIOps,PEP,1.2757
MLOps/ AIOps,PEP,11.3013
MLOps/ AIOps,PEP,21.9352
MLOps/ AIOps,PEP,6.7266
MLOps/ AIOps,PEP,2.8376
MLOps/ AIOps,PEP,23.3506
MLOps/ AIOps,C/C++,11.5835
MLOps/ AIOps,C/C++,5.6755
MLOps/ AIOps,C/C++,8.6773
MLOps/ AIOps,C/C++,3.4915
MLOps/ AIOps,C/C++,20.9232
MLOps/ AIOps,C/C++,5.8928
MLOps/ AIOps,C/C++,9.2192
MLOps/ AIOps,C/C++,14.1364
MLOps/ AIOps,C/C++,15.0636
MLOps/ AIOps,C/C++,20.1875
MLOps/ AIOps,C/C++,12.84
MLOps/ AIOps,C/C++,1.6499
MLOps/ AIOps,C/C++,11.8043
MLOps/ AIOps,C/C++,31.6686
MLOps/ AIOps,C/C++,0.0734
MLOps/ AIOps,C/C++,1.58
MLOps/ AIOps,C/C++,35.3671
MLOps/ AIOps,C/C++,21.5455
MLOps/ AIOps,C/C++,10.7989
MLOps/ AIOps,C/C++,12.915
MLOps/ AIOps,C/C++,11.3743
MLOps/ AIOps,C/C++,6.1718
MLOps/ AIOps,C/C++,14.1574
MLOps/ AIOps,C/C++,3.167
MLOps/ AIOps,C/C++,30.5054
MLOps/ AIOps,C/C++,14.8527
MLOps/ AIOps,C/C++,11.7178
MLOps/ AIOps,C/C++,0.7515
MLOps/ AIOps,C/C++,3.9937
MLOps/ AIOps,C/C++,7.1138
MLOps/ AIOps,C/C++,8.3188
MLOps/ AIOps,C/C++,0.6171
MLOps/ AIOps,C/C++,24.7236
MLOps/ AIOps,C/C++,19.209
MLOps/ AIOps,C/C++,9.0008
MLOps/ AIOps,C/C++,28.7732
MLOps/ AIOps,C/C++,11.269
MLOps/ AIOps,C/C++,6.0758
MLOps/ AIOps,C/C++,6.7505
MLOps/ AIOps,C/C++,8.202
MLOps/ AIOps,C/C++,8.3213
MLOps/ AIOps,C/C++,0.7128
MLOps/ AIOps,C/C++,0.1231
MLOps/ AIOps,C/C++,7.6115
MLOps/ AIOps,C/C++,0.7761
MLOps/ AIOps,C/C++,14.449
MLOps/ AIOps,C/C++,9.3986
MLOps/ AIOps,C/C++,10.4257
MLOps/ AIOps,C/C++,1.0714
MLOps/ AIOps,C/C++,24.1556
MLOps/ AIOps,C/C++,3.6405
MLOps/ AIOps,C/C++,48.7602
MLOps/ AIOps,C/C++,4.7281
MLOps/ AIOps,C/C++,8.8262
MLOps/ AIOps,C/C++,11.6355
MLOps/ AIOps,C/C++,10.1803
MLOps/ AIOps,C/C++,10.9878
MLOps/ AIOps,C/C++,19.3543
MLOps/ AIOps,C/C++,11.3555
MLOps/ AIOps,C/C++,7.5136
MLOps/ AIOps,C/C++,11.4014
MLOps/ AIOps,C/C++,17.1263
MLOps/ AIOps,C/C++,9.25
MLOps/ AIOps,C/C++,10.5396
MLOps/ AIOps,C/C++,3.4598
MLOps/ AIOps,C/C++,30.3041
MLOps/ AIOps,C/C++,22.1383
MLOps/ AIOps,C/C++,10.6433
MLOps/ AIOps,C/C++,0.0422
MLOps/ AIOps,C/C++,5.2541
MLOps/ AIOps,C/C++,6.8178
MLOps/ AIOps,C/C++,17.983
MLOps/ AIOps,C/C++,0.5365
MLOps/ AIOps,C/C++,2.1863
MLOps/ AIOps,C/C++,12.2518
MLOps/ AIOps,C/C++,10.1319
MLOps/ AIOps,Julia,11.0126
MLOps/ AIOps,.ll,9.5717
MLOps/ AIOps,.ll,5.4818
MLOps/ AIOps,Goland,0.1082
MLOps/ AIOps,Goland,0.2822
MLOps/ AIOps,Goland,45.8234
MLOps/ AIOps,Goland,2.3035
MLOps/ AIOps,Goland,10.3938
MLOps/ AIOps,Goland,0.2008
MLOps/ AIOps,Goland,0.1882
MLOps/ AIOps,Goland,6.4078
MLOps/ AIOps,Goland,0.6627
MLOps/ AIOps,Goland,0.8077
MLOps/ AIOps,ELF/COFF,6.6468
MLOps/ AIOps,ELF/COFF,6.6764
MLOps/ AIOps,ELF/COFF,5.0424
MLOps/ AIOps,ELF/COFF,1.5578
MLOps/ AIOps,ELF/COFF,9.0244
MLOps/ AIOps,ELF/COFF,5.1441
MLOps/ AIOps,ELF/COFF,4.676
MLOps/ AIOps,ELF/COFF,4.2789
MLOps/ AIOps,ELF/COFF,5.7747
MLOps/ AIOps,ELF/COFF,1.5829
MLOps/ AIOps,ELF/COFF,3.3322
MLOps/ AIOps,ELF/COFF,1.2064
MLOps/ AIOps,ELF/COFF,3.9098
MLOps/ AIOps,ELF/COFF,6.599
MLOps/ AIOps,ELF/COFF,14.9781
MLOps/ AIOps,ELF/COFF,4.2338
MLOps/ AIOps,ELF/COFF,13.2893
MLOps/ AIOps,ELF/COFF,1.2918
MLOps/ AIOps,ELF/COFF,5.1073
MLOps/ AIOps,ELF/COFF,7.2355
MLOps/ AIOps,ELF/COFF,6.8423
MLOps/ AIOps,ELF/COFF,8.0901
MLOps/ AIOps,ELF/COFF,7.4574
MLOps/ AIOps,ELF/COFF,2.799
MLOps/ AIOps,ELF/COFF,4.2127
MLOps/ AIOps,ELF/COFF,17.2288
MLOps/ AIOps,ELF/COFF,3.0781
MLOps/ AIOps,ELF/COFF,2.786
MLOps/ AIOps,ELF/COFF,2.5108
MLOps/ AIOps,ELF/COFF,2.0872
MLOps/ AIOps,ELF/COFF,4.07
MLOps/ AIOps,ELF/COFF,8.4932
MLOps/ AIOps,ELF/COFF,13.2828
MLOps/ AIOps,ELF/COFF,1.6908
MLOps/ AIOps,ELF/COFF,7.6839
MLOps/ AIOps,ELF/COFF,2.1721
MLOps/ AIOps,ELF/COFF,0.6209
MLOps/ AIOps,ELF/COFF,5.2135
MLOps/ AIOps,ELF/COFF,2.2731
MLOps/ AIOps,ELF/COFF,1.9707
MLOps/ AIOps,ELF/COFF,2.6567
MLOps/ AIOps,ELF/COFF,2.3885
MLOps/ AIOps,ELF/COFF,3.513
MLOps/ AIOps,ELF/COFF,8.0808
MLOps/ AIOps,ELF/COFF,1.2688
MLOps/ AIOps,ELF/COFF,4.275
MLOps/ AIOps,ELF/COFF,3.8161
MLOps/ AIOps,ELF/COFF,12.9103
MLOps/ AIOps,ELF/COFF,16.9334
MLOps/ AIOps,ELF/COFF,3.1904
MLOps/ AIOps,ELF/COFF,13.5845
MLOps/ AIOps,ELF/COFF,2.0514
MLOps/ AIOps,ELF/COFF,6.226
MLOps/ AIOps,ELF/COFF,4.1956
MLOps/ AIOps,ELF/COFF,8.0952
MLOps/ AIOps,ELF/COFF,1.0871
MLOps/ AIOps,ELF/COFF,8.2457
MLOps/ AIOps,ELF/COFF,4.7191
MLOps/ AIOps,ELF/COFF,7.8815
MLOps/ AIOps,ELF/COFF,6.4858
MLOps/ AIOps,ELF/COFF,5.6641
MLOps/ AIOps,ELF/COFF,13.7484
MLOps/ AIOps,ELF/COFF,7.8153
MLOps/ AIOps,ELF/COFF,1.9665
MLOps/ AIOps,ELF/COFF,3.4235
MLOps/ AIOps,ELF/COFF,3.2444
MLOps/ AIOps,ELF/COFF,5.2841
MLOps/ AIOps,ELF/COFF,2.3656
MLOps/ AIOps,ELF/COFF,3.4289
MLOps/ AIOps,ELF/COFF,3.465
MLOps/ AIOps,ELF/COFF,2.1038
MLOps/ AIOps,ELF/COFF,1.8745
MLOps/ AIOps,ELF/COFF,3.0962
MLOps/ AIOps,ELF/COFF,2.8712
MLOps/ AIOps,ELF/COFF,2.9501
MLOps/ AIOps,ELF/COFF,2.5449
MLOps/ AIOps,ELF/COFF,7.2738
MLOps/ AIOps,ELF/COFF,2.149
MLOps/ AIOps,ELF/COFF,4.0822
MLOps/ AIOps,ELF/COFF,6.5602
MLOps/ AIOps,ELF/COFF,0.0774
MLOps/ AIOps,ELF/COFF,13.1012
MLOps/ AIOps,ELF/COFF,3.6696
MLOps/ AIOps,ELF/COFF,2.7988
MLOps/ AIOps,.nii.1,4.9892
MLOps/ AIOps,.nii.1,4.9001
MLOps/ AIOps,Perl,5.5523
MLOps/ AIOps,Perl,3.8919
MLOps/ AIOps,Perl,4.1685
MLOps/ AIOps,Perl,1.46
MLOps/ AIOps,Perl,12.8504
MLOps/ AIOps,Perl,2.4819
MLOps/ AIOps,Perl,2.7848
MLOps/ AIOps,Perl,2.9742
MLOps/ AIOps,Perl,12.5435
MLOps/ AIOps,Perl,1.9951
MLOps/ AIOps,Perl,3.652
MLOps/ AIOps,Perl,0.7618
MLOps/ AIOps,Perl,8.3271
MLOps/ AIOps,Perl,0.5076
MLOps/ AIOps,Perl,6.8119
MLOps/ AIOps,Perl,2.6881
MLOps/ AIOps,Perl,16.5443
MLOps/ AIOps,Perl,1.637
MLOps/ AIOps,Perl,3.8793
MLOps/ AIOps,Perl,15.5207
MLOps/ AIOps,Perl,5.6754
MLOps/ AIOps,Perl,6.7974
MLOps/ AIOps,Perl,5.4649
MLOps/ AIOps,Perl,5.3138
MLOps/ AIOps,Perl,3.0113
MLOps/ AIOps,Perl,10.4836
MLOps/ AIOps,Perl,2.1764
MLOps/ AIOps,Perl,0.7116
MLOps/ AIOps,Perl,2.7052
MLOps/ AIOps,Perl,4.1802
MLOps/ AIOps,Perl,10.7454
MLOps/ AIOps,Perl,2.5886
MLOps/ AIOps,Perl,16.5362
MLOps/ AIOps,Perl,1.7018
MLOps/ AIOps,Perl,7.3626
MLOps/ AIOps,Perl,2.3626
MLOps/ AIOps,Perl,0.7751
MLOps/ AIOps,Perl,5.0014
MLOps/ AIOps,Perl,2.0983
MLOps/ AIOps,Perl,2.1103
MLOps/ AIOps,Perl,4.1558
MLOps/ AIOps,Perl,3.0926
MLOps/ AIOps,Perl,1.685
MLOps/ AIOps,Perl,6.0583
MLOps/ AIOps,Perl,0.9406
MLOps/ AIOps,Perl,3.6852
MLOps/ AIOps,Perl,15.9981
MLOps/ AIOps,Perl,3.9195
MLOps/ AIOps,Perl,4.3189
MLOps/ AIOps,Perl,1.3478
MLOps/ AIOps,Perl,7.9197
MLOps/ AIOps,Perl,5.2209
MLOps/ AIOps,Perl,0.3571
MLOps/ AIOps,Perl,0.5471
MLOps/ AIOps,Perl,2.317
MLOps/ AIOps,Perl,5.5294
MLOps/ AIOps,Perl,3.7609
MLOps/ AIOps,Perl,5.7085
MLOps/ AIOps,Perl,4.1583
MLOps/ AIOps,Perl,12.7018
MLOps/ AIOps,Perl,9.7376
MLOps/ AIOps,Perl,2.0732
MLOps/ AIOps,Perl,3.9934
MLOps/ AIOps,Perl,8.042
MLOps/ AIOps,Perl,3.3264
MLOps/ AIOps,Perl,3.2877
MLOps/ AIOps,Perl,7.3017
MLOps/ AIOps,Perl,4.2181
MLOps/ AIOps,Perl,0.9806
MLOps/ AIOps,Perl,2.8872
MLOps/ AIOps,Perl,4.2812
MLOps/ AIOps,Perl,5.732
MLOps/ AIOps,Perl,2.6618
MLOps/ AIOps,Perl,3.1047
MLOps/ AIOps,Perl,2.6244
MLOps/ AIOps,Perl,5.1883
MLOps/ AIOps,Perl,6.8531
MLOps/ AIOps,Perl,11.3858
MLOps/ AIOps,Perl,3.2833
MLOps/ AIOps,Perl,1.2304
MLOps/ AIOps,Node/js,19.1293
MLOps/ AIOps,Node/js,3.6697
MLOps/ AIOps,Node/js,0.3063
MLOps/ AIOps,Node/js,1.353
MLOps/ AIOps,Node/js,1.6292
MLOps/ AIOps,Node/js,0.5296
MLOps/ AIOps,Node/js,9.5194
MLOps/ AIOps,Node/js,1.747
MLOps/ AIOps,Node/js,1.2147
MLOps/ AIOps,Node/js,59.2847
MLOps/ AIOps,Node/js,4.9788
MLOps/ AIOps,Node/js,0.1584
MLOps/ AIOps,Node/js,0.5502
MLOps/ AIOps,Node/js,0.1444
MLOps/ AIOps,Node/js,0.5909
MLOps/ AIOps,Node/js,0.1692
MLOps/ AIOps,Node/js,0.2688
MLOps/ AIOps,Node/js,9.6728
MLOps/ AIOps,Node/js,0.6413
MLOps/ AIOps,Node/js,4.5079
MLOps/ AIOps,Node/js,0.1695
MLOps/ AIOps,Node/js,2.3963
MLOps/ AIOps,Node/js,0.3236
MLOps/ AIOps,Node/js,1.3283
MLOps/ AIOps,Node/js,1.6503
MLOps/ AIOps,Node/js,2.9303
MLOps/ AIOps,Node/js,0.3852
MLOps/ AIOps,Node/js,0.4313
MLOps/ AIOps,Node/js,1.7236
MLOps/ AIOps,Node/js,1.4459
MLOps/ AIOps,Node/js,2.4236
MLOps/ AIOps,Node/js,0.3028
MLOps/ AIOps,Node/js,0.9078
MLOps/ AIOps,Node/js,0.2116
MLOps/ AIOps,Node/js,5.0959
MLOps/ AIOps,Node/js,0.4316
MLOps/ AIOps,Node/js,3.8064
MLOps/ AIOps,Node/js,7.517
MLOps/ AIOps,Node/js,1.1299
MLOps/ AIOps,Node/js,0.5894
MLOps/ AIOps,Node/js,0.4762
MLOps/ AIOps,Node/js,1.776
MLOps/ AIOps,Node/js,1.0177
MLOps/ AIOps,Node/js,0.1278
MLOps/ AIOps,Node/js,4.8067
MLOps/ AIOps,Node/js,0.381
MLOps/ AIOps,Node/js,0.1262
MLOps/ AIOps,Node/js,1.684
MLOps/ AIOps,Node/js,0.2537
MLOps/ AIOps,Node/js,0.0854
MLOps/ AIOps,Node/js,23.9357
MLOps/ AIOps,Node/js,1.1597
MLOps/ AIOps,Node/js,14.5961
MLOps/ AIOps,Node/js,2.6561
MLOps/ AIOps,Node/js,4.0274
MLOps/ AIOps,Node/js,1.0908
MLOps/ AIOps,Node/js,0.8077
MLOps/ AIOps,Node/js,0.5045
MLOps/ AIOps,Node/js,0.2944
MLOps/ AIOps,Node/js,0.1098
MLOps/ AIOps,Node/js,32.812
MLOps/ AIOps,Node/js,0.7008
MLOps/ AIOps,Node/js,0.8055
MLOps/ AIOps,Node/js,59.5217
MLOps/ AIOps,Node/js,5.1206
MLOps/ AIOps,Node/js,5.3218
MLOps/ AIOps,image,13.3605
MLOps/ AIOps,image,0.1858
MLOps/ AIOps,image,0.2397
MLOps/ AIOps,image,0.0587
MLOps/ AIOps,image,1.7868
MLOps/ AIOps,image,9.0451
MLOps/ AIOps,image,16.6963
MLOps/ AIOps,image,0.6292
MLOps/ AIOps,image,0.3293
MLOps/ AIOps,image,0.1026
MLOps/ AIOps,image,0.3886
MLOps/ AIOps,image,3.0568
MLOps/ AIOps,image,0.0333
MLOps/ AIOps,image,0.1629
MLOps/ AIOps,image,8.0843
MLOps/ AIOps,image,8.0091
MLOps/ AIOps,image,22.1759
MLOps/ AIOps,image,0.2975
MLOps/ AIOps,image,0.2683
MLOps/ AIOps,image,0.1881
MLOps/ AIOps,image,0.3813
MLOps/ AIOps,image,2.0728
MLOps/ AIOps,image,0.675
MLOps/ AIOps,image,0.5429
MLOps/ AIOps,image,0.8432
MLOps/ AIOps,image,14.7306
MLOps/ AIOps,image,0.3886
MLOps/ AIOps,image,0.1152
MLOps/ AIOps,image,1.9925
MLOps/ AIOps,image,3.3147
MLOps/ AIOps,image,0.4724
MLOps/ AIOps,image,0.1128
MLOps/ AIOps,image,3.0271
MLOps/ AIOps,image,31.0785
MLOps/ AIOps,image,0.5037
MLOps/ AIOps,image,0.4876
MLOps/ AIOps,image,0.6708
MLOps/ AIOps,image,14.8549
MLOps/ AIOps,image,0.3356
MLOps/ AIOps,image,35.8871
MLOps/ AIOps,image,5.7006
MLOps/ AIOps,image,0.5964
MLOps/ AIOps,image,0.2015
MLOps/ AIOps,image,0.1996
MLOps/ AIOps,image,10.3571
MLOps/ AIOps,image,9.978
MLOps/ AIOps,image,0.1924
MLOps/ AIOps,image,0.1911
MLOps/ AIOps,image,9.406
MLOps/ AIOps,image,13.8896
MLOps/ AIOps,image,0.0358
MLOps/ AIOps,image,0.637
MLOps/ AIOps,image,0.079
MLOps/ AIOps,image,0.2853
MLOps/ AIOps,image,0.2982
MLOps/ AIOps,image,0.1221
MLOps/ AIOps,image,0.6929
MLOps/ AIOps,image,0.0285
MLOps/ AIOps,image,0.3775
MLOps/ AIOps,image,0.4207
MLOps/ AIOps,image,0.0902
MLOps/ AIOps,image,0.2487
MLOps/ AIOps,image,5.9855
MLOps/ AIOps,image,17.501
MLOps/ AIOps,image,0.2725
MLOps/ AIOps,image,0.3762
MLOps/ AIOps,image,0.121
MLOps/ AIOps,image,51.0222
MLOps/ AIOps,image,0.0996
MLOps/ AIOps,image,0.266
MLOps/ AIOps,image,1.1583
MLOps/ AIOps,image,3.2944
MLOps/ AIOps,image,0.3516
MLOps/ AIOps,image,4.2086
MLOps/ AIOps,.vf,11.6489
MLOps/ AIOps,.vf,0.2829
MLOps/ AIOps,.vf,5.7977
MLOps/ AIOps,.vf,0.1918
Model,C/C++,22.1316
Model,C/C++,22.138
Model,C/C++,21.059
Model,C/C++,14.1144
Model,C/C++,18.0427
Model,C/C++,11.9234
Model,C/C++,24.0674
Model,C/C++,20.3717
Model,C/C++,30.1852
Model,C/C++,15.3337
Model,C/C++,11.8507
Model,C/C++,26.5328
Model,Python,18.3632
Model,Python,18.3598
Model,Python,22.0472
Model,Python,13.8958
Model,Python,9.4988
Model,Python,24.0087
Model,Python,3.6514
Model,Python,26.3891
Model,Python,15.3016
Model,Python,27.5581
Model,Python,17.1916
Model,Python,26.5705
Model,PEP,13.616
Model,PEP,13.6132
Model,PEP,22.5708
Model,PEP,12.5526
Model,PEP,8.4735
Model,PEP,16.9769
Model,PEP,3.5948
Model,PEP,19.8214
Model,PEP,15.1947
Model,PEP,22.8819
Model,PEP,14.9197
Model,PEP,26.1275
Model,Perl,1.109
Model,Perl,1.1093
Model,Perl,4.1433
Model,Perl,13.6187
Model,Perl,10.9906
Model,Perl,4.5935
Model,Perl,22.2473
Model,Perl,6.2806
Model,Perl,3.3782
Model,Perl,4.8553
Model,Perl,3.9108
Model,Perl,3.4309
Model,ELF/COFF,2.002
Model,ELF/COFF,2.0021
Model,ELF/COFF,3.5472
Model,ELF/COFF,6.7374
Model,ELF/COFF,5.9021
Model,ELF/COFF,5.5326
Model,ELF/COFF,11.8132
Model,ELF/COFF,3.1497
Model,ELF/COFF,2.8889
Model,ELF/COFF,3.3148
Model,ELF/COFF,3.9759
Model,ELF/COFF,2.8371
Model,.vim,0.5981
Model,.vim,0.5983
Model,.vim,6.3589
Model,.vim,6.4717
Model,.vim,1.9362
Model,Data/ DB,2.0864
Model,Data/ DB,2.0865
Model,Data/ DB,1.4506
Model,Data/ DB,4.9784
Model,Data/ DB,5.4953
Model,Data/ DB,3.7033
Model,Data/ DB,0.8818
Model,Data/ DB,3.1616
Model,Data/ DB,2.9521
Model,Data/ DB,3.8558
Model,Data/ DB,3.429
Model,Data/ DB,0.6928
Model,DOC,2.2232
Model,DOC,2.2234
Model,DOC,1.8427
Model,DOC,3.0276
Model,DOC,3.6183
Model,DOC,2.6023
Model,DOC,4.4427
Model,DOC,2.6612
Model,DOC,2.5632
Model,DOC,2.5225
Model,DOC,2.402
Model,DOC,1.805
Model,3D,2.1345
Model,archive,3.6447
Model,archive,0.0906
Model,archive,0.1031
Model,archive,6.2545
Model,archive,0.113
Model,archive,0.1404
Model,archive,0.4423
Model,archive,0.0913
Model,archive,9.8692
Model,archive,0.0189
Model,Node/js,5.873
Model,Node/js,5.8747
Model,Node/js,2.593
Model,Node/js,0.8083
Model,Node/js,1.4375
Model,Node/js,0.1809
Model,Node/js,1.7967
Model,Node/js,0.1766
Model,Node/js,2.5137
Model,Node/js,0.1576
Model,Node/js,0.0236
Model,.urdf,1.9293
Application System,gorse-,100.0
Application System,opam,20.3204
Application System,Python,22.3513
Application System,Python,21.3564
Application System,Python,6.8824
Application System,Python,5.3895
Application System,Python,16.1074
Application System,Python,22.7468
Application System,Python,36.7914
Application System,Python,5.1269
Application System,Python,4.7326
Application System,Python,13.8729
Application System,Python,0.1683
Application System,Python,6.3558
Application System,Python,21.5535
Application System,Python,9.4574
Application System,Python,23.7295
Application System,Python,0.1587
Application System,Python,20.2794
Application System,Python,9.6136
Application System,Python,26.5081
Application System,Python,24.779
Application System,Python,7.8297
Application System,Python,5.5487
Application System,Python,22.2399
Application System,Python,13.5146
Application System,Python,21.8016
Application System,Python,0.88
Application System,Python,0.1458
Application System,Python,3.4933
Application System,Python,35.4905
Application System,Python,0.0976
Application System,Python,29.9292
Application System,Python,28.5459
Application System,Python,34.7099
Application System,Python,17.1235
Application System,Python,14.1782
Application System,Python,22.4505
Application System,Python,16.9255
Application System,Python,4.5109
Application System,Python,9.5131
Application System,Python,3.3085
Application System,Python,24.1456
Application System,Python,10.6704
Application System,Python,28.4328
Application System,Python,25.9395
Application System,Python,5.0524
Application System,Python,25.0341
Application System,Python,29.3767
Application System,Python,15.869
Application System,Python,9.5227
Application System,Python,28.9297
Application System,Python,11.8972
Application System,Python,0.0873
Application System,Python,2.9881
Application System,Python,12.6995
Application System,Python,5.5415
Application System,Python,30.3846
Application System,Python,5.2555
Application System,Python,32.7035
Application System,Python,20.4482
Application System,Python,20.5844
Application System,Python,0.1269
Application System,Python,6.2874
Application System,Python,8.4915
Application System,Python,8.4481
Application System,Python,5.5596
Application System,Python,8.6972
Application System,Python,23.1326
Application System,Python,25.5255
Application System,Python,8.1713
Application System,Python,0.0369
Application System,Python,7.8073
Application System,Python,24.6462
Application System,Python,22.7637
Application System,Python,11.79
Application System,Python,23.9328
Application System,Python,20.3844
Application System,Python,25.1854
Application System,Python,14.3565
Application System,Python,1.7652
Application System,Python,3.6521
Application System,Python,5.5493
Application System,Python,11.4704
Application System,Python,21.3967
Application System,Python,9.3853
Application System,Python,25.8392
Application System,Python,15.9539
Application System,Python,9.4453
Application System,Python,22.001
Application System,Python,26.502
Application System,Python,25.7734
Application System,Python,11.9221
Application System,Python,8.6378
Application System,Python,3.0343
Application System,Python,22.2154
Application System,Python,21.417
Application System,Python,11.4195
Application System,Python,16.1573
Application System,Python,24.7187
Application System,Python,1.6739
Application System,Python,22.8269
Application System,Python,31.0364
Application System,Python,13.7137
Application System,Python,16.6833
Application System,Python,38.7725
Application System,Python,32.937
Application System,Python,24.7751
Application System,Python,23.9216
Application System,Python,15.5536
Application System,Python,21.2998
Application System,Python,24.0494
Application System,Python,27.832
Application System,Python,7.1264
Application System,Python,2.0977
Application System,Python,21.7866
Application System,Python,19.8787
Application System,Python,23.0434
Application System,Python,23.3474
Application System,Python,23.871
Application System,Python,16.6275
Application System,Python,19.4432
Application System,Python,25.5134
Application System,Python,13.4881
Application System,Python,16.4706
Application System,Python,15.7418
Application System,Python,3.5326
Application System,Python,7.3125
Application System,Python,26.9473
Application System,Python,31.2417
Application System,Python,8.9146
Application System,Python,7.8222
Application System,Python,13.2788
Application System,Python,29.0074
Application System,Python,37.9251
Application System,Python,27.5497
Application System,Python,16.5692
Application System,Python,30.0075
Application System,Python,17.6258
Application System,Python,23.1684
Application System,Python,21.5734
Application System,Python,11.9242
Application System,Python,24.0458
Application System,Python,14.4117
Application System,Python,24.0463
Application System,Python,29.0767
Application System,Python,39.1042
Application System,Python,22.5488
Application System,Python,19.9882
Application System,Python,20.8483
Application System,Python,10.8325
Application System,Python,10.1083
Application System,Python,3.2754
Application System,Python,23.5447
Application System,Python,35.6183
Application System,Python,18.1533
Application System,.uexp,28.2561
Application System,.uexp,3.7918
Application System,.uasset,28.0814
Application System,.uasset,3.7885
Application System,requires,15.6721
Application System,sha1,15.6721
Application System,C/C++,16.7534
Application System,C/C++,22.3039
Application System,C/C++,14.643
Application System,C/C++,19.186
Application System,C/C++,10.1194
Application System,C/C++,11.2849
Application System,C/C++,6.2265
Application System,C/C++,30.7005
Application System,C/C++,27.9832
Application System,C/C++,10.4459
Application System,C/C++,1.4629
Application System,C/C++,30.5111
Application System,C/C++,13.967
Application System,C/C++,14.0175
Application System,C/C++,14.9187
Application System,C/C++,1.0369
Application System,C/C++,6.2069
Application System,C/C++,8.4172
Application System,C/C++,2.3105
Application System,C/C++,20.4836
Application System,C/C++,16.3786
Application System,C/C++,17.2522
Application System,C/C++,5.7694
Application System,C/C++,12.9964
Application System,C/C++,11.6515
Application System,C/C++,10.9046
Application System,C/C++,0.4159
Application System,C/C++,39.8238
Application System,C/C++,9.6288
Application System,C/C++,54.7753
Application System,C/C++,11.8604
Application System,C/C++,13.252
Application System,C/C++,7.508
Application System,C/C++,11.2139
Application System,C/C++,10.2091
Application System,C/C++,4.841
Application System,C/C++,14.7737
Application System,C/C++,18.9082
Application System,C/C++,0.4015
Application System,C/C++,20.151
Application System,C/C++,9.0175
Application System,C/C++,0.5744
Application System,C/C++,18.9736
Application System,C/C++,10.319
Application System,C/C++,8.6189
Application System,C/C++,13.3187
Application System,C/C++,9.3074
Application System,C/C++,13.8518
Application System,C/C++,30.0536
Application System,C/C++,10.1588
Application System,C/C++,14.594
Application System,C/C++,25.1471
Application System,C/C++,0.1455
Application System,C/C++,8.2863
Application System,C/C++,25.0815
Application System,C/C++,20.1628
Application System,C/C++,12.0147
Application System,C/C++,0.0992
Application System,C/C++,9.6534
Application System,C/C++,15.7332
Application System,C/C++,24.3346
Application System,C/C++,14.5173
Application System,C/C++,20.5178
Application System,C/C++,16.8709
Application System,C/C++,8.7812
Application System,C/C++,0.3992
Application System,C/C++,21.0008
Application System,C/C++,13.027
Application System,C/C++,12.2883
Application System,C/C++,0.4565
Application System,C/C++,15.3871
Application System,C/C++,7.7243
Application System,C/C++,10.5427
Application System,C/C++,16.0214
Application System,C/C++,1.8715
Application System,C/C++,12.3399
Application System,C/C++,21.3531
Application System,C/C++,0.8978
Application System,C/C++,11.1956
Application System,C/C++,10.7826
Application System,C/C++,14.4568
Application System,C/C++,0.5275
Application System,C/C++,18.1768
Application System,C/C++,27.838
Application System,C/C++,21.5814
Application System,C/C++,12.6153
Application System,C/C++,17.0029
Application System,C/C++,18.7347
Application System,C/C++,25.4271
Application System,C/C++,2.31
Application System,C/C++,1.5133
Application System,C/C++,23.6464
Application System,C/C++,6.6761
Application System,C/C++,4.8436
Application System,C/C++,16.801
Application System,C/C++,15.4057
Application System,C/C++,33.3419
Application System,C/C++,10.1158
Application System,C/C++,0.7879
Application System,C/C++,40.1172
Application System,C/C++,8.6422
Application System,C/C++,12.7201
Application System,C/C++,26.8128
Application System,C/C++,30.3016
Application System,C/C++,4.7222
Application System,C/C++,12.2201
Application System,C/C++,9.6514
Application System,C/C++,12.0638
Application System,C/C++,17.9917
Application System,C/C++,11.6218
Application System,C/C++,1.7923
Application System,C/C++,9.1111
Application System,C/C++,8.4302
Application System,C/C++,9.7498
Application System,C/C++,24.7092
Application System,C/C++,11.8497
Application System,C/C++,6.9737
Application System,C/C++,3.0784
Application System,C/C++,20.29
Application System,C/C++,12.6394
Application System,C/C++,14.9617
Application System,C/C++,9.2598
Application System,C/C++,14.7951
Application System,C/C++,19.1805
Application System,C/C++,13.1829
Application System,C/C++,23.3126
Application System,C/C++,5.8762
Application System,C/C++,17.9663
Application System,C/C++,5.5714
Application System,C/C++,7.2681
Application System,C/C++,9.3263
Application System,C/C++,13.4367
Application System,C/C++,8.7438
Application System,C/C++,0.3311
Application System,C/C++,22.0076
Application System,C/C++,12.5826
Application System,C/C++,11.3342
Application System,C/C++,10.8705
Application System,C/C++,16.6586
Application System,C/C++,14.5321
Application System,C/C++,27.3347
Application System,C/C++,18.3085
Application System,C/C++,32.2358
Application System,C/C++,1.7921
Application System,C/C++,9.8868
Application System,C/C++,2.6917
Application System,C/C++,25.1738
Application System,C/C++,15.2128
Application System,C/C++,15.5604
Application System,C/C++,6.3642
Application System,C/C++,4.693
Application System,C/C++,47.4135
Application System,C/C++,7.4752
Application System,C/C++,4.3807
Application System,C/C++,13.1971
Application System,PEP,19.3715
Application System,PEP,0.3928
Application System,PEP,1.5461
Application System,PEP,0.3152
Application System,PEP,14.582
Application System,PEP,19.3275
Application System,PEP,0.1618
Application System,PEP,3.3528
Application System,PEP,1.6192
Application System,PEP,13.6741
Application System,PEP,4.2465
Application System,PEP,21.0862
Application System,PEP,8.4441
Application System,PEP,16.0159
Application System,PEP,21.0814
Application System,PEP,7.3983
Application System,PEP,13.4532
Application System,PEP,20.5511
Application System,PEP,7.3382
Application System,PEP,2.1456
Application System,PEP,18.72
Application System,PEP,39.6379
Application System,PEP,22.2793
Application System,PEP,0.791
Application System,PEP,2.8941
Application System,PEP,0.0919
Application System,PEP,30.0173
Application System,PEP,22.1108
Application System,PEP,26.4923
Application System,PEP,16.0718
Application System,PEP,5.1619
Application System,PEP,21.1279
Application System,PEP,14.3275
Application System,PEP,0.0549
Application System,PEP,7.1015
Application System,PEP,16.7613
Application System,PEP,0.6935
Application System,PEP,21.4387
Application System,PEP,22.0054
Application System,PEP,1.9194
Application System,PEP,20.6583
Application System,PEP,17.6569
Application System,PEP,12.3437
Application System,PEP,10.3549
Application System,PEP,25.5537
Application System,PEP,10.1256
Application System,PEP,6.4046
Application System,PEP,8.8563
Application System,PEP,2.5347
Application System,PEP,0.1282
Application System,PEP,15.614
Application System,PEP,18.256
Application System,PEP,15.1665
Application System,PEP,14.631
Application System,PEP,6.2021
Application System,PEP,5.9387
Application System,PEP,7.4349
Application System,PEP,7.4252
Application System,PEP,9.3262
Application System,PEP,15.574
Application System,PEP,23.1254
Application System,PEP,3.2779
Application System,PEP,4.324
Application System,PEP,22.3843
Application System,PEP,20.2079
Application System,PEP,7.6229
Application System,PEP,20.1081
Application System,PEP,14.1983
Application System,PEP,24.8501
Application System,PEP,11.9179
Application System,PEP,0.5656
Application System,PEP,2.3477
Application System,PEP,10.0058
Application System,PEP,1.0379
Application System,PEP,21.6129
Application System,PEP,7.4659
Application System,PEP,21.0186
Application System,PEP,14.454
Application System,PEP,0.5712
Application System,PEP,21.9733
Application System,PEP,13.4502
Application System,PEP,16.1287
Application System,PEP,10.7616
Application System,PEP,8.2022
Application System,PEP,1.6301
Application System,PEP,18.689
Application System,PEP,16.2281
Application System,PEP,0.2446
Application System,PEP,12.1
Application System,PEP,21.7651
Application System,PEP,1.2079
Application System,PEP,21.7385
Application System,PEP,1.4874
Application System,PEP,10.4932
Application System,PEP,14.6355
Application System,PEP,35.4148
Application System,PEP,27.0313
Application System,PEP,24.3915
Application System,PEP,2.677
Application System,PEP,14.2599
Application System,PEP,16.628
Application System,PEP,24.4463
Application System,PEP,23.4619
Application System,PEP,0.0559
Application System,PEP,0.6343
Application System,PEP,15.6654
Application System,PEP,17.9349
Application System,PEP,21.1073
Application System,PEP,21.1251
Application System,PEP,21.7606
Application System,PEP,16.1468
Application System,PEP,13.8476
Application System,PEP,16.7005
Application System,PEP,5.0436
Application System,PEP,14.8553
Application System,PEP,8.6034
Application System,PEP,1.7984
Application System,PEP,0.3485
Application System,PEP,25.7409
Application System,PEP,25.7917
Application System,PEP,7.9221
Application System,PEP,7.0938
Application System,PEP,11.5304
Application System,PEP,24.6291
Application System,PEP,31.6015
Application System,PEP,18.955
Application System,PEP,15.9699
Application System,PEP,21.1948
Application System,PEP,16.2763
Application System,PEP,19.2939
Application System,PEP,17.8887
Application System,PEP,9.191
Application System,PEP,24.4333
Application System,PEP,1.3183
Application System,PEP,24.4432
Application System,PEP,39.7
Application System,PEP,23.0586
Application System,PEP,12.968
Application System,PEP,21.497
Application System,PEP,9.9044
Application System,PEP,6.9548
Application System,PEP,1.7689
Application System,PEP,28.3963
Application System,PEP,33.1982
Application System,PEP,12.5007
Application System,.ll,12.9263
Application System,Goland,0.0984
Application System,Goland,9.5365
Application System,Goland,6.6416
Application System,Goland,39.9753
Application System,Goland,0.3221
Application System,Goland,27.522
Application System,Goland,6.3366
Application System,Goland,0.0746
Application System,Goland,0.2795
Application System,.v.1,8.0691
Documentation,Python,31.2727
Documentation,Python,13.6471
Documentation,Python,17.2158
Documentation,Python,25.9536
Documentation,Python,19.6068
Documentation,Python,16.835
Documentation,C/C++,23.3265
Documentation,C/C++,26.1242
Documentation,C/C++,11.774
Documentation,C/C++,13.7411
Documentation,C/C++,12.5069
Documentation,C/C++,20.4125
Documentation,PEP,10.0606
Documentation,PEP,1.8689
Documentation,PEP,17.3115
Documentation,PEP,21.1267
Documentation,PEP,18.7604
Documentation,PEP,12.8352
Documentation,Node/js,2.3296
Documentation,Node/js,14.0178
Documentation,Node/js,4.98
Documentation,Node/js,3.0313
Documentation,Node/js,1.1518
Documentation,Node/js,4.7141
Documentation,ELF/COFF,2.7572
Documentation,ELF/COFF,3.7521
Documentation,ELF/COFF,3.9108
Documentation,ELF/COFF,4.0013
Documentation,ELF/COFF,2.966
Documentation,ELF/COFF,6.7211
Documentation,Rust,1.3191
Documentation,Rust,0.817
Documentation,Rust,10.5217
Documentation,Rust,0.0833
Documentation,Rust,3.0785
Documentation,Perl,1.8932
Documentation,Perl,1.3022
Documentation,Perl,8.3292
Documentation,Perl,1.4776
Documentation,Perl,3.5357
Documentation,Perl,0.8821
Documentation,Data/ DB,2.5311
Documentation,Data/ DB,2.9367
Documentation,Data/ DB,3.9274
Documentation,Data/ DB,1.9236
Documentation,Data/ DB,1.3428
Documentation,Data/ DB,2.2227
Documentation,image,0.752
Documentation,image,10.0063
Documentation,image,0.0333
Documentation,image,0.8988
Documentation,image,0.4089
Documentation,image,1.0358
Documentation,archive,6.0304
Documentation,archive,0.1481
Documentation,archive,0.0749
Documentation,archive,1.5031
Documentation,archive,1.5924
Documentation,DOC,2.0082
Documentation,DOC,1.928
Documentation,DOC,2.7168
Documentation,DOC,1.3076
Documentation,DOC,1.0732
Documentation,DOC,1.1004
Documentation,Makefile,0.8984
Documentation,Makefile,1.6713
Documentation,Makefile,0.0374
Documentation,Makefile,0.4055
Documentation,Makefile,1.7214
Documentation,Makefile,0.6328
DL Framwork,Python,21.3231
DL Framwork,Python,36.3928
DL Framwork,Python,24.8706
DL Framwork,Python,30.6305
DL Framwork,Python,26.56
DL Framwork,Python,14.1162
DL Framwork,Python,5.0721
DL Framwork,Python,28.9773
DL Framwork,Python,33.648
DL Framwork,Python,17.8657
DL Framwork,Python,36.5059
DL Framwork,Python,22.9487
DL Framwork,Python,14.7564
DL Framwork,Python,0.1166
DL Framwork,Python,5.2837
DL Framwork,Python,12.26
DL Framwork,Python,7.1128
DL Framwork,Python,9.4415
DL Framwork,Python,23.4015
DL Framwork,Python,23.0311
DL Framwork,Python,25.8348
DL Framwork,Python,23.015
DL Framwork,Python,6.4204
DL Framwork,Python,7.015
DL Framwork,Python,18.8856
DL Framwork,Python,16.8422
DL Framwork,Python,28.7534
DL Framwork,Python,16.4546
DL Framwork,Python,15.015
DL Framwork,Python,21.1734
DL Framwork,Python,28.6903
DL Framwork,Python,19.0994
DL Framwork,Python,20.9858
DL Framwork,Python,20.4513
DL Framwork,Python,20.029
DL Framwork,Python,12.8513
DL Framwork,Python,21.9237
DL Framwork,Python,6.6155
DL Framwork,Python,4.5619
DL Framwork,Python,2.6302
DL Framwork,Python,27.4265
DL Framwork,Python,21.1558
DL Framwork,Python,31.224
DL Framwork,Python,0.1349
DL Framwork,Python,25.14
DL Framwork,Python,4.4848
DL Framwork,Python,20.2674
DL Framwork,Python,0.2075
DL Framwork,Python,31.5594
DL Framwork,Python,16.7151
DL Framwork,Python,24.0296
DL Framwork,Python,28.0081
DL Framwork,Python,31.303
DL Framwork,Python,22.6617
DL Framwork,Python,27.6845
DL Framwork,Python,28.513
DL Framwork,Python,8.7019
DL Framwork,Python,21.3334
DL Framwork,Python,20.8284
DL Framwork,C/C++,16.4009
DL Framwork,C/C++,7.4593
DL Framwork,C/C++,14.6753
DL Framwork,C/C++,11.6707
DL Framwork,C/C++,12.8177
DL Framwork,C/C++,13.7052
DL Framwork,C/C++,19.0845
DL Framwork,C/C++,14.9712
DL Framwork,C/C++,10.2526
DL Framwork,C/C++,18.6716
DL Framwork,C/C++,7.4453
DL Framwork,C/C++,23.4775
DL Framwork,C/C++,13.82
DL Framwork,C/C++,56.9971
DL Framwork,C/C++,29.1603
DL Framwork,C/C++,11.0332
DL Framwork,C/C++,0.3002
DL Framwork,C/C++,29.5884
DL Framwork,C/C++,6.6925
DL Framwork,C/C++,17.4638
DL Framwork,C/C++,15.5345
DL Framwork,C/C++,14.8634
DL Framwork,C/C++,11.7356
DL Framwork,C/C++,28.6224
DL Framwork,C/C++,11.9597
DL Framwork,C/C++,3.1651
DL Framwork,C/C++,17.4037
DL Framwork,C/C++,7.3214
DL Framwork,C/C++,22.0391
DL Framwork,C/C++,33.231
DL Framwork,C/C++,15.2352
DL Framwork,C/C++,7.9328
DL Framwork,C/C++,24.9164
DL Framwork,C/C++,17.1866
DL Framwork,C/C++,16.3191
DL Framwork,C/C++,18.3136
DL Framwork,C/C++,8.8901
DL Framwork,C/C++,17.965
DL Framwork,C/C++,14.438
DL Framwork,C/C++,1.4225
DL Framwork,C/C++,13.6283
DL Framwork,C/C++,33.2204
DL Framwork,C/C++,10.5384
DL Framwork,C/C++,0.1799
DL Framwork,C/C++,17.9002
DL Framwork,C/C++,20.3421
DL Framwork,C/C++,12.2098
DL Framwork,C/C++,8.2819
DL Framwork,C/C++,23.5923
DL Framwork,C/C++,17.6942
DL Framwork,C/C++,18.9454
DL Framwork,C/C++,1.718
DL Framwork,C/C++,13.6247
DL Framwork,C/C++,24.0288
DL Framwork,C/C++,20.9532
DL Framwork,C/C++,35.914
DL Framwork,C/C++,22.7514
DL Framwork,C/C++,15.1799
DL Framwork,PEP,23.4318
DL Framwork,PEP,2.5221
DL Framwork,PEP,17.6689
DL Framwork,PEP,24.3497
DL Framwork,PEP,0.5468
DL Framwork,PEP,0.2758
DL Framwork,PEP,1.209
DL Framwork,PEP,20.05
DL Framwork,PEP,29.3213
DL Framwork,PEP,14.6489
DL Framwork,PEP,34.6278
DL Framwork,PEP,23.0296
DL Framwork,PEP,13.6909
DL Framwork,PEP,18.1287
DL Framwork,PEP,10.4451
DL Framwork,PEP,0.0411
DL Framwork,PEP,8.2672
DL Framwork,PEP,29.3653
DL Framwork,PEP,13.9803
DL Framwork,PEP,21.5138
DL Framwork,PEP,20.2593
DL Framwork,PEP,3.9864
DL Framwork,PEP,6.0309
DL Framwork,PEP,12.8258
DL Framwork,PEP,15.8416
DL Framwork,PEP,26.2396
DL Framwork,PEP,24.4642
DL Framwork,PEP,12.1828
DL Framwork,PEP,1.6415
DL Framwork,PEP,19.5923
DL Framwork,PEP,14.649
DL Framwork,PEP,19.5046
DL Framwork,PEP,17.3161
DL Framwork,PEP,20.1637
DL Framwork,PEP,11.9085
DL Framwork,PEP,17.4555
DL Framwork,PEP,0.0988
DL Framwork,PEP,19.2856
DL Framwork,PEP,1.6401
DL Framwork,PEP,21.9768
DL Framwork,PEP,25.5182
DL Framwork,PEP,3.4126
DL Framwork,PEP,22.1682
DL Framwork,PEP,27.6571
DL Framwork,PEP,12.9737
DL Framwork,PEP,15.4809
DL Framwork,PEP,1.1911
DL Framwork,PEP,22.1702
DL Framwork,PEP,18.2738
DL Framwork,PEP,24.7896
DL Framwork,PEP,26.5407
DL Framwork,PEP,6.1393
DL Framwork,PEP,20.0237
DL Framwork,PEP,17.8707
DL Framwork,.ri,12.5676
DL Framwork,.pass.1,8.3075
DL Framwork,Perl,1.3747
DL Framwork,Perl,9.2667
DL Framwork,Perl,3.751
DL Framwork,Perl,2.5256
DL Framwork,Perl,4.8788
DL Framwork,Perl,10.1514
DL Framwork,Perl,3.7121
DL Framwork,Perl,1.3149
DL Framwork,Perl,3.8847
DL Framwork,Perl,1.9591
DL Framwork,Perl,3.3792
DL Framwork,Perl,6.8185
DL Framwork,Perl,4.5982
DL Framwork,Perl,7.2813
DL Framwork,Perl,2.7614
DL Framwork,Perl,2.0859
DL Framwork,Perl,6.0732
DL Framwork,Perl,2.2223
DL Framwork,Perl,4.8449
DL Framwork,Perl,1.7499
DL Framwork,Perl,3.4269
DL Framwork,Perl,2.4643
DL Framwork,Perl,4.3845
DL Framwork,Perl,2.1973
DL Framwork,Perl,5.7507
DL Framwork,Perl,3.046
DL Framwork,Perl,1.5718
DL Framwork,Perl,1.2493
DL Framwork,Perl,4.167
DL Framwork,Perl,3.9588
DL Framwork,Perl,1.3394
DL Framwork,Perl,3.0673
DL Framwork,Perl,3.054
DL Framwork,Perl,1.3558
DL Framwork,Perl,4.8136
DL Framwork,Perl,11.7612
DL Framwork,Perl,9.2892
DL Framwork,Perl,3.0781
DL Framwork,Perl,3.8526
DL Framwork,Perl,1.8836
DL Framwork,Perl,3.2931
DL Framwork,Perl,3.9555
DL Framwork,Perl,3.494
DL Framwork,Perl,15.4261
DL Framwork,Perl,1.9976
DL Framwork,Perl,4.5411
DL Framwork,Perl,2.5525
DL Framwork,Perl,20.2434
DL Framwork,Perl,2.3604
DL Framwork,Perl,5.5448
DL Framwork,Perl,3.1501
DL Framwork,Perl,2.5119
DL Framwork,Perl,5.4514
DL Framwork,Perl,2.5697
DL Framwork,Perl,3.4543
DL Framwork,Perl,2.5373
DL Framwork,Perl,3.7017
DL Framwork,Perl,1.8862
DL Framwork,Perl,6.5394
DL Framwork,Goland,12.4512
DL Framwork,Goland,0.3557
DL Framwork,Goland,8.3993
DL Framwork,Goland,0.0779
DL Framwork,Goland,0.164
DL Framwork,ELF/COFF,4.7706
DL Framwork,ELF/COFF,5.5921
DL Framwork,ELF/COFF,3.4148
DL Framwork,ELF/COFF,2.4476
DL Framwork,ELF/COFF,5.9184
DL Framwork,ELF/COFF,4.8598
DL Framwork,ELF/COFF,5.4797
DL Framwork,ELF/COFF,3.2141
DL Framwork,ELF/COFF,2.2176
DL Framwork,ELF/COFF,3.0785
DL Framwork,ELF/COFF,1.5949
DL Framwork,ELF/COFF,3.5536
DL Framwork,ELF/COFF,3.6218
DL Framwork,ELF/COFF,3.8703
DL Framwork,ELF/COFF,4.5902
DL Framwork,ELF/COFF,2.5774
DL Framwork,ELF/COFF,11.0405
DL Framwork,ELF/COFF,3.9918
DL Framwork,ELF/COFF,3.5402
DL Framwork,ELF/COFF,2.2939
DL Framwork,ELF/COFF,3.416
DL Framwork,ELF/COFF,1.6268
DL Framwork,ELF/COFF,5.6944
DL Framwork,ELF/COFF,2.8195
DL Framwork,ELF/COFF,6.9525
DL Framwork,ELF/COFF,2.8602
DL Framwork,ELF/COFF,2.2001
DL Framwork,ELF/COFF,2.9121
DL Framwork,ELF/COFF,2.7192
DL Framwork,ELF/COFF,4.4022
DL Framwork,ELF/COFF,3.2742
DL Framwork,ELF/COFF,3.1319
DL Framwork,ELF/COFF,2.2432
DL Framwork,ELF/COFF,4.6067
DL Framwork,ELF/COFF,4.197
DL Framwork,ELF/COFF,5.3916
DL Framwork,ELF/COFF,3.8744
DL Framwork,ELF/COFF,5.2561
DL Framwork,ELF/COFF,8.6274
DL Framwork,ELF/COFF,5.843
DL Framwork,ELF/COFF,3.2359
DL Framwork,ELF/COFF,4.4177
DL Framwork,ELF/COFF,2.6087
DL Framwork,ELF/COFF,15.0663
DL Framwork,ELF/COFF,2.2949
DL Framwork,ELF/COFF,4.2845
DL Framwork,ELF/COFF,2.4814
DL Framwork,ELF/COFF,14.6213
DL Framwork,ELF/COFF,2.3426
DL Framwork,ELF/COFF,4.3443
DL Framwork,ELF/COFF,3.0628
DL Framwork,ELF/COFF,2.6168
DL Framwork,ELF/COFF,4.678
DL Framwork,ELF/COFF,2.9872
DL Framwork,ELF/COFF,1.9793
DL Framwork,ELF/COFF,2.4402
DL Framwork,ELF/COFF,4.513
DL Framwork,ELF/COFF,2.7496
DL Framwork,ELF/COFF,3.8617
DL Framwork,Ruby,0.8262
DL Framwork,Ruby,12.449
DL Framwork,Ruby,0.8617
DL Framwork,Ruby,1.7802
DL Framwork,.htf,3.4214
DL Framwork,.htf,3.191
DL Framwork,image,1.0613
DL Framwork,image,0.7179
DL Framwork,image,0.7234
DL Framwork,image,0.5087
DL Framwork,image,1.6568
DL Framwork,image,0.359
DL Framwork,image,7.5162
DL Framwork,image,0.4056
DL Framwork,image,0.4478
DL Framwork,image,0.25
DL Framwork,image,0.3116
DL Framwork,image,0.456
DL Framwork,image,0.4945
DL Framwork,image,0.2624
DL Framwork,image,8.6938
DL Framwork,image,0.3237
DL Framwork,image,26.4196
DL Framwork,image,13.5089
DL Framwork,image,0.409
DL Framwork,image,1.7023
DL Framwork,image,6.0378
DL Framwork,image,0.4969
DL Framwork,image,23.3499
DL Framwork,image,0.3371
DL Framwork,image,0.5436
DL Framwork,image,0.3224
DL Framwork,image,0.4241
DL Framwork,image,0.9476
DL Framwork,image,12.3603
DL Framwork,image,0.6971
DL Framwork,image,0.4132
DL Framwork,image,0.4227
DL Framwork,image,0.3329
DL Framwork,image,0.6835
DL Framwork,image,0.9249
DL Framwork,image,0.0825
DL Framwork,image,0.2181
DL Framwork,image,10.2926
DL Framwork,image,14.1028
DL Framwork,image,4.032
DL Framwork,image,0.4038
DL Framwork,image,0.6965
DL Framwork,image,0.2738
DL Framwork,image,0.1799
DL Framwork,image,0.0404
DL Framwork,image,27.9871
DL Framwork,image,0.6757
DL Framwork,image,1.4999
DL Framwork,image,0.2655
DL Framwork,image,0.2396
DL Framwork,image,0.4424
DL Framwork,image,0.7925
DL Framwork,image,0.476
DL Framwork,image,0.4673
DL Framwork,image,0.2478
DL Framwork,image,0.0797
DL Framwork,image,0.6176
DL Framwork,image,10.1039
DL Framwork,image,0.4733
DL Framwork,Data/ DB,2.0271
DL Framwork,Data/ DB,3.4195
DL Framwork,Data/ DB,2.7632
DL Framwork,Data/ DB,1.5938
DL Framwork,Data/ DB,3.506
DL Framwork,Data/ DB,3.4133
DL Framwork,Data/ DB,4.2447
DL Framwork,Data/ DB,1.3552
DL Framwork,Data/ DB,1.6438
DL Framwork,Data/ DB,2.5467
DL Framwork,Data/ DB,2.5415
DL Framwork,Data/ DB,1.368
DL Framwork,Data/ DB,2.2145
DL Framwork,Data/ DB,0.5685
DL Framwork,Data/ DB,2.6383
DL Framwork,Data/ DB,2.0354
DL Framwork,Data/ DB,4.1205
DL Framwork,Data/ DB,3.1309
DL Framwork,Data/ DB,3.3216
DL Framwork,Data/ DB,2.4304
DL Framwork,Data/ DB,1.9696
DL Framwork,Data/ DB,1.635
DL Framwork,Data/ DB,3.7324
DL Framwork,Data/ DB,3.4444
DL Framwork,Data/ DB,4.2904
DL Framwork,Data/ DB,5.225
DL Framwork,Data/ DB,1.2289
DL Framwork,Data/ DB,3.7776
DL Framwork,Data/ DB,1.671
DL Framwork,Data/ DB,2.5284
DL Framwork,Data/ DB,1.3708
DL Framwork,Data/ DB,3.432
DL Framwork,Data/ DB,1.4171
DL Framwork,Data/ DB,2.7274
DL Framwork,Data/ DB,2.5234
DL Framwork,Data/ DB,1.1196
DL Framwork,Data/ DB,1.0579
DL Framwork,Data/ DB,6.9401
DL Framwork,Data/ DB,9.1611
DL Framwork,Data/ DB,3.7564
DL Framwork,Data/ DB,1.3155
DL Framwork,Data/ DB,2.5263
DL Framwork,Data/ DB,2.6706
DL Framwork,Data/ DB,1.1019
DL Framwork,Data/ DB,1.0681
DL Framwork,Data/ DB,2.8703
DL Framwork,Data/ DB,2.5681
DL Framwork,Data/ DB,3.8581
DL Framwork,Data/ DB,2.6567
DL Framwork,Data/ DB,2.5894
DL Framwork,Data/ DB,1.5613
DL Framwork,Data/ DB,1.7299
DL Framwork,Data/ DB,2.2237
DL Framwork,Data/ DB,1.6863
DL Framwork,Data/ DB,2.1618
DL Framwork,Data/ DB,0.6135
DL Framwork,Data/ DB,2.9664
DL Framwork,Data/ DB,1.3174
DL Framwork,Data/ DB,1.6574
