repos,repo_version,filename,raw_details
great-expectations/great_expectations,latest,/assets/docker/postgresql/docker-compose.yml,"{'version': '3.2', 'services': {'travis_db': {'image': 'postgres:12', 'command': ['postgres', '-c', 'max_connections=1000'], 'environment': {'POSTGRES_USER': 'postgres', 'POSTGRES_HOST_AUTH_METHOD': 'trust', 'POSTGRES_DB': 'test_ci'}, 'networks': ['dbnet'], 'ports': ['5432:5432']}}, 'networks': {'dbnet': {'driver': 'bridge'}}}"
great-expectations/great_expectations,latest,/assets/docker/linkchecker/docker-compose.yml,"{'version': '3.2', 'services': {'linkchecker': {'build': './', 'image': 'linkchecker:1.0'}}}"
great-expectations/great_expectations,latest,/assets/docker/readthedocs/docker-compose.yml,"{'version': '3.2', 'services': {'rtd': {'image': 'readthedocs/build:6.0'}}}"
great-expectations/great_expectations,latest,/assets/docker/mysql/docker-compose.yml,"{'version': '3.2', 'services': {'mysql_db': {'image': 'mysql:8.0.20', 'volumes': ['./conf.d:/etc/mysql/conf.d'], 'environment': {'MYSQL_ALLOW_EMPTY_PASSWORD': 'true', 'MYSQL_DATABASE': 'test_ci'}, 'networks': ['dbnet'], 'ports': ['3306:3306']}}, 'networks': {'dbnet': {'driver': 'bridge'}}}"
great-expectations/great_expectations,latest,/assets/docker/mssql/docker-compose.yml,"{'version': '3.2', 'services': {'mssql_db': {'image': 'mcr.microsoft.com/mssql/server:2019-latest', 'environment': {'ACCEPT_EULA': 'Y', 'MSSQL_SA_PASSWORD': 'ReallyStrongPwd1234%^&*', 'MSSQL_DB': 'test_ci', 'MSSQL_PID': 'Developer'}, 'networks': ['dbnet'], 'ports': ['1433:1433']}}, 'networks': {'dbnet': {'driver': 'bridge'}}}"
jbarlow83/OCRmyPDF,latest,/misc/docker-compose.example.yml,"{'version': '3.3', 'services': {'ocrmypdf': {'restart': 'always', 'container_name': 'ocrmypdf', 'image': 'jbarlow83/ocrmypdf', 'volumes': ['/media/scan:/input', '/mnt/scan:/output'], 'environment': ['OCR_OUTPUT_DIRECTORY_YEAR_MONTH=0'], 'user': '<SET TO YOUR USER ID>:<SET TO YOUR GROUP ID>', 'entrypoint': 'python3', 'command': 'watcher.py'}}}"
LiberTEM/LiberTEM,latest,/packaging/docker/docker-compose.yml,"{'version': '3.4', 'services': {'scheduler': {'build': {'context': '../../', 'dockerfile': 'packaging/docker/Dockerfile'}, 'ports': ['8786:8786'], 'image': 'libertem/libertem:triage', 'command': ['/venv/bin/dask-scheduler']}, 'worker-1': {'build': {'context': '../../', 'dockerfile': 'packaging/docker/Dockerfile'}, 'hostname': 'worker-1', 'image': 'libertem/libertem:triage', 'command': ['/venv/bin/libertem-worker', 'tcp://scheduler:8786', '--n-cpus', '2', '--cudas', ''], 'volumes': [{'type': 'bind', 'source': '../../data', 'target': '/data'}], 'depends_on': ['scheduler']}, 'worker-2': {'build': {'context': '../../', 'dockerfile': 'packaging/docker/Dockerfile'}, 'hostname': 'worker-2', 'image': 'libertem/libertem:triage', 'command': ['/venv/bin/libertem-worker', 'tcp://scheduler:8786', '--n-cpus', '2', '--cudas', ''], 'volumes': [{'type': 'bind', 'source': '../../data', 'target': '/data'}], 'depends_on': ['scheduler']}, 'ipy-controller': {'build': {'context': '../../', 'dockerfile': 'packaging/docker/Dockerfile', 'args': {'dev': 1}}, 'hostname': 'ipy-controller', 'image': 'libertem/libertem-dev', 'command': ['/venv/bin/ipcontroller', ""--ip='*'""], 'volumes': ['ipyconfig:/root/.ipython/']}, 'ipy-worker-1': {'build': {'context': '../../', 'dockerfile': 'packaging/docker/Dockerfile', 'args': {'dev': 1}}, 'hostname': 'ipy-worker-1', 'image': 'libertem/libertem-dev', 'command': ['/venv/bin/ipengine', '/parallelconfig/profile_default/security/ipcontroller-client.json'], 'volumes': ['ipyconfig:/root/.ipython/', {'type': 'bind', 'source': '../../data', 'target': '/data'}], 'depends_on': ['scheduler']}, 'ipy-worker-2': {'build': {'context': '../../', 'dockerfile': 'packaging/docker/Dockerfile', 'args': {'dev': 1}}, 'hostname': 'ipy-worker-2', 'image': 'libertem/libertem-dev', 'command': ['/venv/bin/ipengine', '/parallelconfig/profile_default/security/ipcontroller-client.json'], 'volumes': ['ipyconfig:/root/.ipython/', {'type': 'bind', 'source': '../../data', 'target': '/data'}], 'depends_on': ['scheduler']}, 'tests': {'build': {'context': '../../', 'dockerfile': 'packaging/docker/Dockerfile', 'args': {'dev': 1}}, 'hostname': 'tests', 'image': 'libertem/libertem-dev', 'working_dir': '/code/', 'environment': ['DASK_SCHEDULER_ADDRESS=tcp://scheduler:8786', 'TESTDATA_BASE_PATH=/data/'], 'command': ['/venv/bin/pytest', 'tests/', '-m', 'dist'], 'volumes': ['ipyconfig:/root/.ipython/', {'type': 'bind', 'source': '../../data', 'target': '/data'}], 'depends_on': ['scheduler', 'worker-1', 'worker-2', 'ipy-controller', 'ipy-worker-1', 'ipy-worker-2']}}, 'volumes': {'ipyconfig': None}}"
esmBot/esmBot,latest,/docker-compose.yml,"{'version': '3.0', 'services': {'bot': {'build': {'context': '.', 'dockerfile': 'Dockerfile.bot'}, 'image': 'esmbot', 'restart': 'unless-stopped', 'volumes': ['./logs:/home/esmBot/.internal/logs', './bot-help:/home/esmBot/help', './bot-temp:/home/esmBot/temp', './servers.json:/home/esmBot/.internal/servers.json'], 'env_file': ['.env'], 'environment': {'OUTPUT': '/home/esmBot/help/help.md', 'TEMPDIR': '/home/esmBot/temp'}, 'links': ['lavalink'], 'depends_on': ['lavalink', 'postgres'], 'networks': {'esmbot': {'ipv4_address': '172.20.0.2'}}}, 'lavalink': {'container_name': 'lavalink', 'image': 'fredboat/lavalink:dev', 'restart': 'unless-stopped', 'volumes': ['./application.yml:/opt/Lavalink/application.yml', './assets:/opt/Lavalink/assets'], 'networks': {'esmbot': {'ipv4_address': '172.20.0.3'}}}, 'postgres': {'container_name': 'postgres', 'image': 'postgres:13-alpine', 'restart': 'unless-stopped', 'volumes': ['pg-data:/var/lib/postgresql/data', './utils/psqlinit.sh:/docker-entrypoint-initdb.d/psqlinit.sh'], 'environment': {'POSTGRES_PASSWORD': 'verycoolpass100', 'POSTGRES_USER': 'esmbot', 'POSTGRES_DB': 'esmbot'}, 'networks': {'esmbot': {'ipv4_address': '172.20.0.4'}}}, 'adminer': {'image': 'adminer', 'restart': 'unless-stopped', 'depends_on': ['postgres'], 'ports': ['8888:8080'], 'networks': {'esmbot': {'ipv4_address': '172.20.0.5'}}}}, 'volumes': {'bot-help': None, 'bot-temp': None, 'pg-data': None}, 'networks': {'esmbot': {'driver': 'bridge', 'ipam': {'config': [{'subnet': '172.20.0.0/24'}]}}}}"
jakowenko/double-take,latest,/docker-compose.yml,"{'version': '3.7', 'volumes': {'double-take': None}, 'services': {'double-take': {'container_name': 'double-take', 'image': 'jakowenko/double-take', 'restart': 'unless-stopped', 'volumes': ['double-take:/.storage'], 'ports': ['3000:3000']}}}"
jakowenko/double-take,latest,/.develop/docker-compose.yml,"{'version': '3.7', 'services': {'frontend': {'container_name': 'double-take-frontend', 'command': 'npm run frontend', 'depends_on': ['api'], 'build': {'context': '../', 'dockerfile': './.develop/Dockerfile.dev'}, 'ports': ['8080:8080'], 'volumes': ['..:/double-take', '/double-take/frontend/node_modules']}, 'api': {'container_name': 'double-take-api', 'entrypoint': '.develop/entrypoint.dev.sh', 'depends_on': ['mqtt'], 'build': {'context': '../', 'dockerfile': './.develop/Dockerfile.dev'}, 'ports': ['3000:3000'], 'volumes': ['..:/double-take', '/double-take/api/node_modules']}, 'mqtt': {'container_name': 'double-take-mqtt', 'restart': 'unless-stopped', 'image': 'eclipse-mosquitto', 'volumes': ['./mosquitto.conf:/mosquitto/config/mosquitto.conf'], 'ports': ['1883:1883']}}}"
spacechop/spacechop,latest,/docker-compose.travis.yml,"{'version': '3.2', 'services': {'spacechop': {'command': 'npm run test:ci', 'environment': ['LOG_FILE=test'], 'build': {'cache_from': ['spacechop:latest'], 'args': {'env': 'development'}}, 'volumes': ['./coverage:/src/coverage']}}}"
spacechop/spacechop,latest,/docker-compose.override.yml,"{'version': '3.2', 'services': {'spacechop': {'command': 'npm run develop', 'volumes': ['./src:/src/app', './config.yml:/config.yml'], 'build': {'args': {'env': 'development'}}}}}"
spacechop/spacechop,latest,/docker-compose.packages.yml,"{'version': '3.2', 'services': {'spacechop': {'command': 'sh -c ""cd types; npm install; npm run-script build""', 'build': {'cache_from': ['spacechop:latest'], 'args': {'env': 'development'}}, 'volumes': ['./packages/types:/src/types', './src:/src/app']}}}"
spacechop/spacechop,latest,/docker-compose.yml,"{'version': '3.2', 'services': {'spacechop': {'container_name': 'spacechop', 'image': 'spacechop', 'build': '.', 'ports': ['8080:3000']}}}"
spacechop/spacechop,latest,/examples/docker-compose.yml,"{'version': '3', 'services': {'spacechop': {'container_name': 'spacechop', 'image': 'spacechop/spacechop:latest', 'ports': ['8080:3000'], 'volumes': ['./config.yml:/config.yml']}}}"
OpenMined/PySyft,latest,/packages/grid/docker-compose.dev.yml,"{'version': '3.8', 'services': {'tailscale': {'ports': ['8080']}, 'proxy': {'command': ['--providers.docker', '--providers.docker.exposedbydefault=false', '--providers.docker.constraints=Label(`traefik.constraint-label-stack`, `${TRAEFIK_TAG?Variable not set}`)', '--entrypoints.web.address=:81', '--entrypoints.vpn.address=:80', '--accesslog', '--log', '--api', '--api.insecure=true']}, 'frontend': {'build': {'target': 'grid-ui-development'}}, 'db': {'ports': ['5432']}, 'queue': {'image': 'rabbitmq:3-management', 'ports': ['5672', '15672']}, 'backend': {'volumes': ['./backend/grid:/app/grid', './backend/alembic:/app/alembic', '../syft:/app/syft', './data/package-cache:/root/.cache'], 'command': '/start-reload.sh'}, 'backend_stream': {'volumes': ['./backend/grid:/app/grid', './backend/alembic:/app/alembic', '../syft:/app/syft', './data/package-cache:/root/.cache'], 'command': 'waitforit -address=http://localhost:8001/api/v1/syft/metadata -status=200 -timeout=600 -- /start-reload.sh'}, 'celeryworker': {'volumes': ['./backend/grid:/app/grid', './backend/alembic:/app/alembic', '../syft:/app/syft', './data/package-cache:/root/.cache'], 'command': 'waitforit -address=http://localhost:8001/api/v1/syft/metadata -status=200 -timeout=600 -- /worker-start-reload.sh'}}}"
OpenMined/PySyft,latest,/packages/grid/docker-compose.tls.yml,"{'version': '3.8', 'services': {'tailscale': {'ports': ['${HTTPS_PORT}:${HTTPS_PORT}']}, 'proxy': {'environment': ['TRAEFIK_TLS_CONF=${TRAEFIK_TLS_CONF}', 'TRAEFIK_TLS_CERTS=${TRAEFIK_TLS_CERTS}'], 'volumes': ['${TRAEFIK_TLS_CONF}:/etc/traefik/dynamic-configurations', '${TRAEFIK_TLS_CERTS}:/etc/traefik/certs'], 'command': ['--providers.docker', '--providers.docker.exposedbydefault=false', '--providers.docker.constraints=Label(`traefik.constraint-label-stack`, `${TRAEFIK_TAG?Variable not set}`)', '--providers.file.directory=/etc/traefik/dynamic-configurations', '--providers.file.watch=true', '--entrypoints.web.address=:81', '--entrypoints.web.http.redirections.entrypoint.to=websecure', '--entrypoints.web.http.redirections.entrypoint.scheme=https', '--entrypoints.vpn.address=:80', '--entrypoints.websecure.address=:${HTTPS_PORT}', '--entrypoints.websecure.http.tls=true', '--accesslog', '--log']}}}"
OpenMined/PySyft,latest,/packages/grid/docker-compose.yml,"{'version': '3.8', 'services': {'docker-host': {'image': 'qoomon/docker-host', 'cap_add': ['net_admin', 'net_raw']}, 'tailscale': {'hostname': '${DOMAIN_NAME?Variable not set}', 'image': '${DOCKER_IMAGE_TAILSCALE?Variable not set}:${VERSION-latest}', 'build': {'context': './vpn', 'dockerfile': 'tailscale.dockerfile'}, 'environment': ['RELEASE=${RELEASE:-production}', 'HOSTNAME=${DOMAIN_NAME?Variable not set}', 'STACK_API_KEY=$STACK_API_KEY'], 'volumes': ['tailscale-data:/var/lib/tailscale', '/dev/net/tun:/dev/net/tun'], 'cap_add': ['net_admin', 'sys_module'], 'ports': ['${HTTP_PORT}:81', '41641/udp', '4000'], 'depends_on': ['docker-host']}, 'proxy': {'restart': 'always', 'image': '${DOCKER_IMAGE_TRAEFIK?Variable not set}', 'networks': ['${TRAEFIK_PUBLIC_NETWORK?Variable not set}', 'default'], 'network_mode': 'service:tailscale', 'volumes': ['/var/run/docker.sock:/var/run/docker.sock'], 'environment': ['RELEASE=${RELEASE:-production}'], 'command': ['--providers.docker', '--providers.docker.exposedbydefault=false', '--providers.docker.constraints=Label(`traefik.constraint-label-stack`, `${TRAEFIK_TAG?Variable not set}`)', '--entrypoints.web.address=:81', '--entrypoints.vpn.address=:80', '--accesslog', '--log']}, 'frontend': {'restart': 'always', 'image': '${DOCKER_IMAGE_FRONTEND?Variable not set}-${NODE_TYPE}:${VERSION-latest}', 'profiles': ['frontend'], 'build': {'context': './frontend', 'dockerfile': 'frontend.dockerfile', 'target': 'grid-ui-production', 'args': {'NODE_TYPE': '${NODE_TYPE}'}}, 'environment': ['RELEASE=${RELEASE:-production}', 'NODE_TYPE=${NODE_TYPE?Variable not set}', 'VERSION=${VERSION}', 'VERSION_HASH=${VERSION_HASH}'], 'labels': ['traefik.enable=true', 'traefik.constraint-label-stack=${TRAEFIK_TAG?Variable not set}', 'traefik.http.routers.${STACK_NAME?Variable not set}-frontend.rule=PathPrefix(`/`)', 'traefik.http.services.${STACK_NAME?Variable not set}-frontend.loadbalancer.server.port=80']}, 'db': {'restart': 'always', 'image': 'postgres:12', 'volumes': ['app-db-data:/var/lib/postgresql/data'], 'environment': ['RELEASE=${RELEASE:-production}'], 'env_file': ['.env']}, 'queue': {'restart': 'always', 'image': 'rabbitmq:3', 'environment': ['RELEASE=${RELEASE:-production}'], 'volumes': ['./rabbitmq/rabbitmq.conf:/etc/rabbitmq/rabbitmq.conf']}, 'backend': {'restart': 'always', 'image': '${DOCKER_IMAGE_BACKEND?Variable not set}:${VERSION-latest}', 'depends_on': ['db'], 'env_file': ['.env'], 'environment': ['RELEASE=${RELEASE:-production}', 'VERSION=${VERSION}', 'VERSION_HASH=${VERSION_HASH}', 'NODE_TYPE=${NODE_TYPE?Variable not set}', 'DOMAIN_NAME=${DOMAIN_NAME?Variable not set}', 'STACK_API_KEY=${STACK_API_KEY}', 'PORT=8001', 'IGNORE_TLS_ERRORS=${IGNORE_TLS_ERRORS?False}'], 'build': {'context': '../', 'dockerfile': './grid/backend/backend.dockerfile', 'target': 'backend'}, 'command': '/start.sh', 'labels': ['traefik.enable=true', 'traefik.constraint-label-stack=${TRAEFIK_TAG?Variable not set}', 'traefik.http.routers.${STACK_NAME?Variable not set}-backend.rule=PathPrefix(`/api`) || PathPrefix(`/docs`) || PathPrefix(`/redoc`)', 'traefik.http.services.${STACK_NAME?Variable not set}-backend.loadbalancer.server.port=8001'], 'network_mode': 'service:proxy'}, 'backend_stream': {'restart': 'always', 'image': '${DOCKER_IMAGE_BACKEND?Variable not set}:${VERSION-latest}', 'depends_on': ['db', 'backend'], 'env_file': ['.env'], 'environment': ['RELEASE=${RELEASE:-production}', 'VERSION=${VERSION}', 'VERSION_HASH=${VERSION_HASH}', 'NODE_TYPE=${NODE_TYPE?Variable not set}', 'DOMAIN_NAME=${DOMAIN_NAME?Variable not set}', 'STACK_API_KEY=${STACK_API_KEY}', 'PORT=8011', 'STREAM_QUEUE=1', 'IGNORE_TLS_ERRORS=${IGNORE_TLS_ERRORS?False}'], 'build': {'context': '../', 'dockerfile': './grid/backend/backend.dockerfile', 'target': 'backend'}, 'command': 'waitforit -address=http://localhost:8001/api/v1/syft/metadata -status=200 -timeout=600 -- /start.sh', 'labels': ['traefik.enable=true', 'traefik.constraint-label-stack=${TRAEFIK_TAG?Variable not set}', 'traefik.http.routers.${STACK_NAME?Variable not set}-backend-stream.rule=PathPrefix(`/api`) && PathPrefix(`/api/v1/syft/stream`) || PathPrefix(`/docs`) || PathPrefix(`/redoc`)', 'traefik.http.services.${STACK_NAME?Variable not set}-backend-stream.loadbalancer.server.port=8011'], 'network_mode': 'service:proxy'}, 'celeryworker': {'restart': 'always', 'image': '${DOCKER_IMAGE_BACKEND?Variable not set}:${VERSION-latest}', 'depends_on': ['db', 'queue'], 'env_file': ['.env'], 'environment': ['RELEASE=${RELEASE:-production}', 'VERSION=${VERSION}', 'VERSION_HASH=${VERSION_HASH}', 'NODE_TYPE=${NODE_TYPE?Variable not set}', 'DOMAIN_NAME=${DOMAIN_NAME?Variable not set}', 'C_FORCE_ROOT=1', 'STACK_API_KEY=${STACK_API_KEY}', 'IGNORE_TLS_ERRORS=${IGNORE_TLS_ERRORS?False}'], 'command': 'waitforit -address=http://localhost:8001/api/v1/syft/metadata -status=200 -timeout=600 -- /worker-start.sh', 'build': {'context': '../', 'dockerfile': './grid/backend/backend.dockerfile', 'target': 'backend'}, 'network_mode': 'service:proxy'}, 'headscale': {'profiles': ['network'], 'hostname': 'headscale', 'image': '${DOCKER_IMAGE_HEADSCALE?Variable not set}:${VERSION-latest}', 'build': {'context': './vpn', 'dockerfile': 'headscale.dockerfile'}, 'volumes': ['headscale-data:/headscale/data'], 'environment': ['RELEASE=${RELEASE:-production}', 'NETWORK_NAME=omnet', 'STACK_API_KEY=$STACK_API_KEY'], 'ports': ['4000'], 'labels': ['traefik.enable=true', 'traefik.constraint-label-stack=${TRAEFIK_TAG?Variable not set}', 'traefik.http.routers.${STACK_NAME?Variable not set}-vpn.rule=PathPrefix(`/vpn`)', 'traefik.http.routers.${STACK_NAME?Variable not set}-vpn.middlewares=${STACK_NAME?Variable not set}-vpn', 'traefik.http.middlewares.${STACK_NAME?Variable not set}-vpn.stripprefix.prefixes=/vpn', 'traefik.http.middlewares.${STACK_NAME?Variable not set}-vpn.stripprefix.forceslash=true', 'traefik.http.services.${STACK_NAME?Variable not set}-vpn.loadbalancer.server.port=8080']}}, 'volumes': {'app-db-data': None, 'tailscale-data': None, 'headscale-data': None}, 'networks': {'traefik-public': {'external': '${TRAEFIK_PUBLIC_NETWORK_IS_EXTERNAL-true}'}}}"
OpenMined/PySyft,latest,/packages/grid/docker-compose.test.yml,"{'version': '3.8', 'services': {'tailscale': {'volumes': ['./tls/rootCA.pem:/usr/local/share/ca-certificates/rootCA.pem']}}}"
photoprism/photoprism,latest,/docker-compose.mariadb.yml,"{'version': '3.5', 'services': {'mariadb-10-7': {'image': 'mariadb:10.7', 'command': 'mysqld --port=4001 --transaction-isolation=READ-COMMITTED --character-set-server=utf8mb4 --collation-server=utf8mb4_unicode_ci --max-connections=512 --innodb-rollback-on-timeout=OFF --innodb-lock-wait-timeout=120', 'expose': ['4001'], 'volumes': ['./scripts/sql/mariadb-init.sql:/docker-entrypoint-initdb.d/init.sql'], 'environment': {'MYSQL_ROOT_PASSWORD': 'photoprism', 'MYSQL_USER': 'photoprism', 'MYSQL_PASSWORD': 'photoprism', 'MYSQL_DATABASE': 'photoprism'}}, 'mariadb-10-5-5': {'image': 'mariadb:10.5.5', 'command': 'mysqld --port=4001 --transaction-isolation=READ-COMMITTED --character-set-server=utf8mb4 --collation-server=utf8mb4_unicode_ci --max-connections=512 --innodb-rollback-on-timeout=OFF --innodb-lock-wait-timeout=120', 'expose': ['4001'], 'volumes': ['./scripts/sql/mariadb-init.sql:/docker-entrypoint-initdb.d/init.sql'], 'environment': {'MYSQL_ROOT_PASSWORD': 'photoprism', 'MYSQL_USER': 'photoprism', 'MYSQL_PASSWORD': 'photoprism', 'MYSQL_DATABASE': 'photoprism'}}, 'mariadb-10-3': {'image': 'mariadb:10.3', 'command': 'mysqld --port=4001 --transaction-isolation=READ-COMMITTED --character-set-server=utf8mb4 --collation-server=utf8mb4_unicode_ci --max-connections=512 --innodb-rollback-on-timeout=OFF --innodb-lock-wait-timeout=120', 'expose': ['4001'], 'volumes': ['./scripts/sql/mariadb-init.sql:/docker-entrypoint-initdb.d/init.sql'], 'environment': {'MYSQL_ROOT_PASSWORD': 'photoprism', 'MYSQL_USER': 'photoprism', 'MYSQL_PASSWORD': 'photoprism', 'MYSQL_DATABASE': 'photoprism'}}, 'mariadb-10-2': {'image': 'mariadb:10.2', 'command': 'mysqld --port=4001 --transaction-isolation=READ-COMMITTED --character-set-server=utf8mb4 --collation-server=utf8mb4_unicode_ci --max-connections=512 --innodb-rollback-on-timeout=OFF --innodb-lock-wait-timeout=120', 'expose': ['4001'], 'volumes': ['./scripts/sql/mariadb-init.sql:/docker-entrypoint-initdb.d/init.sql'], 'environment': {'MYSQL_ROOT_PASSWORD': 'photoprism', 'MYSQL_USER': 'photoprism', 'MYSQL_PASSWORD': 'photoprism', 'MYSQL_DATABASE': 'photoprism'}}, 'mariadb-10-1': {'image': 'mariadb:10.1', 'command': 'mysqld --port=4001 --transaction-isolation=READ-COMMITTED --character-set-server=utf8mb4 --collation-server=utf8mb4_unicode_ci --max-connections=512 --innodb-rollback-on-timeout=OFF --innodb-lock-wait-timeout=120', 'expose': ['4001'], 'volumes': ['./scripts/sql/mariadb-init.sql:/docker-entrypoint-initdb.d/init.sql'], 'environment': {'MYSQL_ROOT_PASSWORD': 'photoprism', 'MYSQL_USER': 'photoprism', 'MYSQL_PASSWORD': 'photoprism', 'MYSQL_DATABASE': 'photoprism'}}, 'mysql': {'image': 'mysql:8', 'command': 'mysqld --port=4001 --transaction-isolation=READ-COMMITTED --character-set-server=utf8mb4 --collation-server=utf8mb4_unicode_ci --max-connections=512 --innodb-rollback-on-timeout=OFF --innodb-lock-wait-timeout=120', 'expose': ['4001'], 'volumes': ['./scripts/sql/mariadb-init.sql:/docker-entrypoint-initdb.d/init.sql'], 'environment': {'MYSQL_ROOT_PASSWORD': 'photoprism', 'MYSQL_USER': 'photoprism', 'MYSQL_PASSWORD': 'photoprism', 'MYSQL_DATABASE': 'photoprism'}}}, 'networks': {'default': {'external': {'name': 'photoprism-develop'}}}}"
photoprism/photoprism,latest,/docker-compose.ci.yml,"{'version': '3.5', 'services': {'photoprism': {'build': '.', 'image': 'photoprism/photoprism:develop', 'security_opt': ['seccomp:unconfined', 'apparmor:unconfined'], 'depends_on': ['mariadb', 'dummy-webdav'], 'volumes': ['~/.cache/npm:/root/.cache/npm', '~/.cache/go-mod:/go/pkg/mod'], 'environment': {'PHOTOPRISM_SITE_URL': 'http://localhost:2342/', 'PHOTOPRISM_SITE_TITLE': 'PhotoPrism', 'PHOTOPRISM_SITE_CAPTION': 'Browse Your Life', 'PHOTOPRISM_SITE_DESCRIPTION': 'Open-Source Photo Management', 'PHOTOPRISM_SITE_AUTHOR': '@photoprism_app', 'PHOTOPRISM_DEBUG': 'false', 'PHOTOPRISM_READONLY': 'false', 'PHOTOPRISM_PUBLIC': 'true', 'PHOTOPRISM_PID_FILENAME': 'photoprism.pid', 'PHOTOPRISM_LOG_FILENAME': 'photoprism.log', 'PHOTOPRISM_DETACH_SERVER': 'true', 'PHOTOPRISM_HTTP_HOST': '0.0.0.0', 'PHOTOPRISM_HTTP_PORT': 2342, 'PHOTOPRISM_HTTP_COMPRESSION': 'gzip', 'PHOTOPRISM_DATABASE_DRIVER': 'mysql', 'PHOTOPRISM_DATABASE_SERVER': 'mariadb:4001', 'PHOTOPRISM_DATABASE_NAME': 'photoprism', 'PHOTOPRISM_DATABASE_USER': 'root', 'PHOTOPRISM_DATABASE_PASSWORD': 'photoprism', 'PHOTOPRISM_TEST_DRIVER': 'sqlite', 'PHOTOPRISM_TEST_DSN': '.test.db', 'PHOTOPRISM_ADMIN_PASSWORD': 'photoprism', 'PHOTOPRISM_ASSETS_PATH': '/go/src/github.com/photoprism/photoprism/assets', 'PHOTOPRISM_STORAGE_PATH': '/go/src/github.com/photoprism/photoprism/storage', 'PHOTOPRISM_ORIGINALS_PATH': '/go/src/github.com/photoprism/photoprism/storage/originals', 'PHOTOPRISM_IMPORT_PATH': '/go/src/github.com/photoprism/photoprism/storage/import', 'PHOTOPRISM_DISABLE_CHOWN': 'true', 'PHOTOPRISM_DISABLE_BACKUPS': 'false', 'PHOTOPRISM_DISABLE_WEBDAV': 'false', 'PHOTOPRISM_DISABLE_SETTINGS': 'false', 'PHOTOPRISM_DISABLE_PLACES': 'false', 'PHOTOPRISM_DISABLE_EXIFTOOL': 'false', 'PHOTOPRISM_DISABLE_TENSORFLOW': 'false', 'PHOTOPRISM_DETECT_NSFW': 'false', 'PHOTOPRISM_UPLOAD_NSFW': 'false', 'PHOTOPRISM_DARKTABLE_PRESETS': 'false', 'PHOTOPRISM_THUMB_FILTER': 'lanczos', 'PHOTOPRISM_THUMB_UNCACHED': 'true', 'PHOTOPRISM_THUMB_SIZE': 2048, 'PHOTOPRISM_THUMB_SIZE_UNCACHED': 7680, 'PHOTOPRISM_JPEG_SIZE': 7680, 'PHOTOPRISM_JPEG_QUALITY': 92, 'CODECOV_TOKEN': None, 'CODECOV_ENV': None, 'CODECOV_URL': None, 'CODECOV_SLUG': None, 'VCS_COMMIT_ID': None, 'VCS_BRANCH_NAME': None, 'VCS_PULL_REQUEST': None, 'VCS_SLUG': None, 'VCS_TAG': None, 'CI_BUILD_URL': None, 'CI_BUILD_ID': None, 'CI_JOB_ID': None, 'CI': None, 'DRONE': None, 'DRONE_BRANCH': None, 'DRONE_BUILD_ACTION': None, 'DRONE_BUILD_CREATED': None, 'DRONE_BUILD_EVENT': None, 'DRONE_BUILD_FINISHED': None, 'DRONE_BUILD_NUMBER': None, 'DRONE_BUILD_PARENT': None, 'DRONE_BUILD_STARTED': None, 'DRONE_BUILD_STATUS': None, 'DRONE_CALVER': None, 'DRONE_COMMIT': None, 'DRONE_COMMIT_AFTER': None, 'DRONE_COMMIT_AUTHOR': None, 'DRONE_COMMIT_AUTHOR_AVATAR': None, 'DRONE_COMMIT_AUTHOR_EMAIL': None, 'DRONE_COMMIT_AUTHOR_NAME': None, 'DRONE_COMMIT_BEFORE': None, 'DRONE_COMMIT_BRANCH': None, 'DRONE_COMMIT_LINK': None, 'DRONE_COMMIT_MESSAGE': None, 'DRONE_COMMIT_REF': None, 'DRONE_COMMIT_SHA': None, 'DRONE_DEPLOY_TO': None, 'DRONE_FAILED_STAGES': None, 'DRONE_FAILED_STEPS': None, 'DRONE_GIT_HTTP_URL': None, 'DRONE_GIT_SSH_URL': None, 'DRONE_PULL_REQUEST': None, 'DRONE_REMOTE_URL': None, 'DRONE_REPO': None, 'DRONE_REPO_BRANCH': None, 'DRONE_REPO_LINK': None, 'DRONE_REPO_NAME': None, 'DRONE_REPO_NAMESPACE': None, 'DRONE_REPO_OWNER': None, 'DRONE_REPO_PRIVATE': None, 'DRONE_REPO_SCM': None, 'DRONE_REPO_VISIBILITY': None, 'DRONE_SEMVER': None, 'DRONE_SEMVER_BUILD': None, 'DRONE_SEMVER_ERROR': None, 'DRONE_SEMVER_MAJOR': None, 'DRONE_SEMVER_MINOR': None, 'DRONE_SEMVER_PATCH': None, 'DRONE_SEMVER_PRERELEASE': None, 'DRONE_SEMVER_SHORT': None, 'DRONE_SOURCE_BRANCH': None, 'DRONE_STAGE_ARCH': None, 'DRONE_STAGE_DEPENDS_ON': None, 'DRONE_STAGE_FINISHED': None, 'DRONE_STAGE_KIND': None, 'DRONE_STAGE_MACHINE': None, 'DRONE_STAGE_NAME': None, 'DRONE_STAGE_NUMBER': None, 'DRONE_STAGE_OS': None, 'DRONE_STAGE_STARTED': None, 'DRONE_STAGE_STATUS': None, 'DRONE_STAGE_TYPE': None, 'DRONE_STAGE_VARIANT': None, 'DRONE_STEP_NAME': None, 'DRONE_STEP_NUMBER': None, 'DRONE_SYSTEM_HOST': None, 'DRONE_SYSTEM_HOSTNAME': None, 'DRONE_SYSTEM_PROTO': None, 'DRONE_SYSTEM_VERSION': None, 'DRONE_TAG': None, 'DRONE_TARGET_BRANCH': None}}, 'mariadb': {'image': 'mariadb:10.6', 'command': 'mysqld --port=4001 --transaction-isolation=READ-COMMITTED --character-set-server=utf8mb4 --collation-server=utf8mb4_unicode_ci --max-connections=512 --innodb-rollback-on-timeout=OFF --innodb-lock-wait-timeout=120', 'expose': ['4001'], 'volumes': ['./scripts/sql/mariadb-init.sql:/docker-entrypoint-initdb.d/init.sql'], 'environment': {'MYSQL_ROOT_PASSWORD': 'photoprism', 'MYSQL_USER': 'photoprism', 'MYSQL_PASSWORD': 'photoprism', 'MYSQL_DATABASE': 'photoprism'}}, 'dummy-webdav': {'image': 'photoprism/dummy-webdav:20211109', 'environment': {'WEBDAV_USERNAME': 'admin', 'WEBDAV_PASSWORD': 'photoprism'}}}}"
photoprism/photoprism,latest,/docker-compose.postgres.yml,"{'version': '3.5', 'services': {'photoprism': {'build': '.', 'image': 'photoprism/photoprism:develop', 'depends_on': ['postgres', 'dummy-webdav'], 'security_opt': ['seccomp:unconfined', 'apparmor:unconfined'], 'ports': ['2342:2342', '2343:2343'], 'working_dir': '/go/src/github.com/photoprism/photoprism', 'volumes': ['.:/go/src/github.com/photoprism/photoprism', 'go-mod:/go/pkg/mod'], 'shm_size': '2gb', 'environment': {'PHOTOPRISM_SITE_URL': 'http://localhost:2342/', 'PHOTOPRISM_SITE_TITLE': 'PhotoPrism', 'PHOTOPRISM_SITE_CAPTION': 'Browse Your Life', 'PHOTOPRISM_SITE_DESCRIPTION': 'Open-Source Photo Management', 'PHOTOPRISM_SITE_AUTHOR': '@photoprism_app', 'PHOTOPRISM_DEBUG': 'true', 'PHOTOPRISM_READONLY': 'false', 'PHOTOPRISM_PUBLIC': 'true', 'PHOTOPRISM_EXPERIMENTAL': 'true', 'PHOTOPRISM_SERVER_MODE': 'debug', 'PHOTOPRISM_HTTP_HOST': '0.0.0.0', 'PHOTOPRISM_HTTP_PORT': 2342, 'PHOTOPRISM_HTTP_COMPRESSION': 'gzip', 'PHOTOPRISM_DATABASE_DRIVER': 'postgres', 'PHOTOPRISM_DATABASE_SERVER': 'postgres:5432', 'PHOTOPRISM_DATABASE_NAME': 'photoprism', 'PHOTOPRISM_DATABASE_USER': 'photoprism', 'PHOTOPRISM_DATABASE_PASSWORD': 'photoprism', 'PHOTOPRISM_TEST_DRIVER': 'sqlite', 'PHOTOPRISM_TEST_DSN': '.test.db', 'PHOTOPRISM_ADMIN_PASSWORD': 'photoprism', 'PHOTOPRISM_ASSETS_PATH': '/go/src/github.com/photoprism/photoprism/assets', 'PHOTOPRISM_STORAGE_PATH': '/go/src/github.com/photoprism/photoprism/storage', 'PHOTOPRISM_ORIGINALS_PATH': '/go/src/github.com/photoprism/photoprism/storage/originals', 'PHOTOPRISM_IMPORT_PATH': '/go/src/github.com/photoprism/photoprism/storage/import', 'PHOTOPRISM_DISABLE_BACKUPS': 'false', 'PHOTOPRISM_DISABLE_WEBDAV': 'false', 'PHOTOPRISM_DISABLE_SETTINGS': 'false', 'PHOTOPRISM_DISABLE_PLACES': 'false', 'PHOTOPRISM_DISABLE_EXIFTOOL': 'false', 'PHOTOPRISM_DISABLE_TENSORFLOW': 'false', 'PHOTOPRISM_DETECT_NSFW': 'false', 'PHOTOPRISM_UPLOAD_NSFW': 'false', 'PHOTOPRISM_DARKTABLE_PRESETS': 'false', 'PHOTOPRISM_THUMB_FILTER': 'lanczos', 'PHOTOPRISM_THUMB_UNCACHED': 'true', 'PHOTOPRISM_THUMB_SIZE': 2048, 'PHOTOPRISM_THUMB_SIZE_UNCACHED': 7680, 'PHOTOPRISM_JPEG_SIZE': 7680, 'PHOTOPRISM_JPEG_QUALITY': 92, 'TF_CPP_MIN_LOG_LEVEL': 0}}, 'postgres': {'image': 'postgres:12-alpine', 'ports': ['5432:5432'], 'environment': {'POSTGRES_DB': 'photoprism', 'POSTGRES_USER': 'photoprism', 'POSTGRES_PASSWORD': 'photoprism'}}, 'dummy-webdav': {'image': 'photoprism/dummy-webdav:20211109', 'environment': {'WEBDAV_USERNAME': 'admin', 'WEBDAV_PASSWORD': 'photoprism'}}}, 'volumes': {'go-mod': {'driver': 'local'}}}"
photoprism/photoprism,latest,/docker-compose.latest.yml,"{'version': '3.5', 'services': {'photoprism-latest': {'image': 'photoprism/photoprism:latest', 'security_opt': ['seccomp:unconfined', 'apparmor:unconfined'], 'ports': ['2344:2342'], 'labels': ['traefik.enable=true', 'traefik.http.services.photoprism-latest.loadbalancer.server.port=2342', 'traefik.http.routers.photoprism-latest.entrypoints=websecure', 'traefik.http.routers.photoprism-latest.rule=Host(`photoprism-latest.traefik.net`)', 'traefik.http.routers.photoprism-latest.tls.domains[0].main=traefik.net', 'traefik.http.routers.photoprism-latest.tls.domains[0].sans=*.traefik.net', 'traefik.http.routers.photoprism-latest.tls=true'], 'environment': {'PHOTOPRISM_UID': '${UID:-1000}', 'PHOTOPRISM_GID': '${GID:-1000}', 'PHOTOPRISM_ADMIN_PASSWORD': 'photoprism', 'PHOTOPRISM_SITE_URL': 'https://photoprism-latest.traefik.net/', 'PHOTOPRISM_SITE_TITLE': 'PhotoPrism', 'PHOTOPRISM_SITE_CAPTION': 'Browse Your Life', 'PHOTOPRISM_SITE_DESCRIPTION': 'Open-Source Photo Management', 'PHOTOPRISM_SITE_AUTHOR': '@photoprism_app', 'PHOTOPRISM_DEBUG': 'true', 'PHOTOPRISM_READONLY': 'false', 'PHOTOPRISM_PUBLIC': 'true', 'PHOTOPRISM_EXPERIMENTAL': 'false', 'PHOTOPRISM_SERVER_MODE': 'debug', 'PHOTOPRISM_HTTP_HOST': '0.0.0.0', 'PHOTOPRISM_HTTP_PORT': 2342, 'PHOTOPRISM_HTTP_COMPRESSION': 'gzip', 'PHOTOPRISM_DATABASE_DRIVER': 'mysql', 'PHOTOPRISM_DATABASE_SERVER': 'mariadb:4001', 'PHOTOPRISM_DATABASE_NAME': 'latest', 'PHOTOPRISM_DATABASE_USER': 'root', 'PHOTOPRISM_DATABASE_PASSWORD': 'photoprism', 'PHOTOPRISM_DISABLE_CHOWN': 'false', 'PHOTOPRISM_DISABLE_BACKUPS': 'false', 'PHOTOPRISM_DISABLE_WEBDAV': 'false', 'PHOTOPRISM_DISABLE_SETTINGS': 'false', 'PHOTOPRISM_DISABLE_PLACES': 'false', 'PHOTOPRISM_DISABLE_EXIFTOOL': 'false', 'PHOTOPRISM_DISABLE_TENSORFLOW': 'false', 'PHOTOPRISM_DETECT_NSFW': 'false', 'PHOTOPRISM_UPLOAD_NSFW': 'false', 'PHOTOPRISM_DARKTABLE_PRESETS': 'false', 'PHOTOPRISM_THUMB_FILTER': 'lanczos', 'PHOTOPRISM_THUMB_UNCACHED': 'true', 'PHOTOPRISM_THUMB_SIZE': 2048, 'PHOTOPRISM_THUMB_SIZE_UNCACHED': 7680, 'PHOTOPRISM_JPEG_SIZE': 7680, 'PHOTOPRISM_JPEG_QUALITY': 92, 'TF_CPP_MIN_LOG_LEVEL': 0}, 'working_dir': '/photoprism', 'volumes': ['./storage/latest:/photoprism/storage', './storage/originals:/photoprism/originals']}}, 'networks': {'default': {'external': {'name': 'photoprism-develop'}}}}"
photoprism/photoprism,latest,/docker-compose.yml,"{'version': '3.5', 'services': {'traefik': {'image': 'photoprism/traefik:20211218', 'ports': ['443:443'], 'volumes': ['/var/run/docker.sock:/var/run/docker.sock']}, 'photoprism': {'build': '.', 'image': 'photoprism/photoprism:develop', 'depends_on': ['mariadb', 'dummy-webdav'], 'security_opt': ['seccomp:unconfined', 'apparmor:unconfined'], 'ports': ['2342:2342', '2343:2343', '40000:40000'], 'shm_size': '2gb', 'links': ['traefik:keycloak.traefik.net', 'traefik:photoprism.traefik.net', 'traefik:dummy-webdav.traefik.net', 'traefik:dummy-oidc.traefik.net'], 'labels': ['traefik.enable=true', 'traefik.http.services.photoprism.loadbalancer.server.port=2342', 'traefik.http.routers.photoprism.entrypoints=websecure', 'traefik.http.routers.photoprism.rule=Host(`photoprism.traefik.net`)', 'traefik.http.routers.photoprism.tls.domains[0].main=traefik.net', 'traefik.http.routers.photoprism.tls.domains[0].sans=*.traefik.net', 'traefik.http.routers.photoprism.tls=true'], 'environment': {'GOPROXY': 'https://proxy.golang.org,direct', 'PHOTOPRISM_UID': '${UID:-1000}', 'PHOTOPRISM_GID': '${GID:-1000}', 'PHOTOPRISM_ADMIN_PASSWORD': 'photoprism', 'PHOTOPRISM_SITE_URL': 'https://photoprism.traefik.net/', 'PHOTOPRISM_SITE_TITLE': 'PhotoPrism', 'PHOTOPRISM_SITE_CAPTION': 'Browse Your Life', 'PHOTOPRISM_SITE_DESCRIPTION': 'AI-Powered Photos App. Tags and finds pictures without getting in your way!', 'PHOTOPRISM_SITE_AUTHOR': '@photoprism_app', 'PHOTOPRISM_DEBUG': 'true', 'PHOTOPRISM_READONLY': 'false', 'PHOTOPRISM_PUBLIC': 'true', 'PHOTOPRISM_EXPERIMENTAL': 'true', 'PHOTOPRISM_SERVER_MODE': 'debug', 'PHOTOPRISM_HTTP_HOST': '0.0.0.0', 'PHOTOPRISM_HTTP_PORT': 2342, 'PHOTOPRISM_HTTP_COMPRESSION': 'gzip', 'PHOTOPRISM_DATABASE_DRIVER': 'mysql', 'PHOTOPRISM_DATABASE_SERVER': 'mariadb:4001', 'PHOTOPRISM_DATABASE_NAME': 'photoprism', 'PHOTOPRISM_DATABASE_USER': 'root', 'PHOTOPRISM_DATABASE_PASSWORD': 'photoprism', 'PHOTOPRISM_TEST_DRIVER': 'sqlite', 'PHOTOPRISM_TEST_DSN': '.test.db', 'PHOTOPRISM_ASSETS_PATH': '/go/src/github.com/photoprism/photoprism/assets', 'PHOTOPRISM_STORAGE_PATH': '/go/src/github.com/photoprism/photoprism/storage', 'PHOTOPRISM_ORIGINALS_PATH': '/go/src/github.com/photoprism/photoprism/storage/originals', 'PHOTOPRISM_IMPORT_PATH': '/go/src/github.com/photoprism/photoprism/storage/import', 'PHOTOPRISM_DISABLE_CHOWN': 'false', 'PHOTOPRISM_DISABLE_BACKUPS': 'false', 'PHOTOPRISM_DISABLE_WEBDAV': 'false', 'PHOTOPRISM_DISABLE_SETTINGS': 'false', 'PHOTOPRISM_DISABLE_PLACES': 'false', 'PHOTOPRISM_DISABLE_EXIFTOOL': 'false', 'PHOTOPRISM_DISABLE_TENSORFLOW': 'false', 'PHOTOPRISM_DETECT_NSFW': 'false', 'PHOTOPRISM_UPLOAD_NSFW': 'false', 'PHOTOPRISM_DARKTABLE_PRESETS': 'false', 'PHOTOPRISM_THUMB_FILTER': 'lanczos', 'PHOTOPRISM_THUMB_UNCACHED': 'true', 'PHOTOPRISM_THUMB_SIZE': 2048, 'PHOTOPRISM_THUMB_SIZE_UNCACHED': 7680, 'PHOTOPRISM_JPEG_SIZE': 7680, 'PHOTOPRISM_JPEG_QUALITY': 92, 'TF_CPP_MIN_LOG_LEVEL': 0, 'PHOTOPRISM_OIDC_ISSUER_URL': 'https://keycloak.traefik.net/auth/realms/master', 'PHOTOPRISM_OIDC_CLIENT_ID': 'photoprism-develop', 'PHOTOPRISM_OIDC_CLIENT_SECRET': '9d8351a0-ca01-4556-9c37-85eb634869b9'}, 'working_dir': '/go/src/github.com/photoprism/photoprism', 'volumes': ['.:/go/src/github.com/photoprism/photoprism', 'go-mod:/go/pkg/mod']}, 'mariadb': {'image': 'mariadb:10.6', 'command': 'mysqld --port=4001 --transaction-isolation=READ-COMMITTED --character-set-server=utf8mb4 --collation-server=utf8mb4_unicode_ci --max-connections=512 --innodb-rollback-on-timeout=OFF --innodb-lock-wait-timeout=120', 'expose': ['4001'], 'ports': ['4001:4001'], 'volumes': ['./scripts/sql/mariadb-init.sql:/docker-entrypoint-initdb.d/init.sql'], 'environment': {'MYSQL_ROOT_PASSWORD': 'photoprism', 'MYSQL_USER': 'photoprism', 'MYSQL_PASSWORD': 'photoprism', 'MYSQL_DATABASE': 'photoprism'}}, 'keycloak': {'image': 'quay.io/keycloak/keycloak:16.0.0', 'links': ['traefik:photoprism.traefik.net'], 'labels': ['traefik.enable=true', 'traefik.http.services.keycloak.loadbalancer.server.port=8080', 'traefik.http.routers.keycloak.entrypoints=websecure', 'traefik.http.routers.keycloak.rule=Host(`keycloak.traefik.net`)', 'traefik.http.routers.keycloak.tls.domains[0].main=traefik.net', 'traefik.http.routers.keycloak.tls.domains[0].sans=*.traefik.net', 'traefik.http.routers.keycloak.tls=true'], 'environment': {'KEYCLOAK_USER': 'admin', 'KEYCLOAK_PASSWORD': 'photoprism', 'KEYCLOAK_FRONTEND_URL': 'https://keycloak.traefik.net/auth', 'DB_VENDOR': 'mariadb', 'DB_PORT': 4001, 'DB_DATABASE': 'keycloak', 'DB_USER': 'keycloak', 'DB_PASSWORD': 'keycloak'}}, 'dummy-webdav': {'image': 'photoprism/dummy-webdav:20211218', 'environment': {'WEBDAV_USERNAME': 'admin', 'WEBDAV_PASSWORD': 'photoprism'}, 'labels': ['traefik.enable=true', 'traefik.http.services.dummy-webdav.loadbalancer.server.port=80', 'traefik.http.routers.dummy-webdav.entrypoints=websecure', 'traefik.http.routers.dummy-webdav.rule=Host(`dummy-webdav.traefik.net`)', 'traefik.http.routers.dummy-webdav.tls.domains[0].main=traefik.net', 'traefik.http.routers.dummy-webdav.tls.domains[0].sans=*.traefik.net', 'traefik.http.routers.dummy-webdav.tls=true']}, 'dummy-oidc': {'image': 'photoprism/dummy-oidc:20211218', 'labels': ['traefik.enable=true', 'traefik.http.services.dummy-oidc.loadbalancer.server.port=9998', 'traefik.http.routers.dummy-oidc.entrypoints=websecure', 'traefik.http.routers.dummy-oidc.rule=Host(`dummy-oidc.traefik.net`)', 'traefik.http.routers.dummy-oidc.tls.domains[0].main=traefik.net', 'traefik.http.routers.dummy-oidc.tls.domains[0].sans=*.traefik.net', 'traefik.http.routers.dummy-oidc.tls=true']}}, 'volumes': {'go-mod': {'driver': 'local'}}, 'networks': {'default': {'name': 'photoprism-develop', 'driver': 'bridge'}}}"
photoprism/photoprism,latest,/docker/demo/docker-compose.yml,"{'version': '3.5', 'services': {'demo': {'restart': 'always', 'command': 'photoprism --public start', 'image': 'photoprism/demo:latest', 'container_name': 'demo', 'depends_on': ['traefik'], 'labels': ['traefik.enable=true', 'traefik.http.routers.demo.rule=Host(`demo.yourdomain.com`)', 'traefik.http.routers.demo.tls=true', 'traefik.http.routers.demo.tls.certresolver=myresolver'], 'volumes': ['./config:/photoprism/storage/config'], 'environment': {'PHOTOPRISM_SITE_URL': 'https://demo.yourdomain.com/', 'PHOTOPRISM_SITE_TITLE': 'PhotoPrism', 'PHOTOPRISM_SITE_CAPTION': 'Demo', 'PHOTOPRISM_SITE_DESCRIPTION': 'AI-Powered Photos App. Tags and finds pictures without getting in your way!', 'PHOTOPRISM_SITE_PREVIEW': 'https://i.photoprism.app/logo?cover=17&title=Demo', 'PHOTOPRISM_SITE_AUTHOR': 'PhotoPrism', 'PHOTOPRISM_HTTP_COMPRESSION': 'gzip', 'PHOTOPRISM_DEFAULT_LOCALE': 'en'}}, 'traefik': {'restart': 'always', 'image': 'traefik:v2.5', 'container_name': 'traefik', 'ports': ['80:80', '443:443'], 'expose': ['80', '443'], 'volumes': ['/var/run/docker.sock:/var/run/docker.sock', './traefik/:/data/', './traefik.yaml:/etc/traefik/traefik.yaml']}, 'scheduler': {'restart': 'always', 'image': 'mcuadros/ofelia:latest', 'container_name': 'scheduler', 'volumes': ['/var/run/docker.sock:/var/run/docker.sock:ro', './jobs.ini:/etc/ofelia/config.ini']}, 'watchtower': {'restart': 'always', 'image': 'containrrr/watchtower', 'container_name': 'watchtower', 'environment': {'WATCHTOWER_CLEANUP': 'true', 'WATCHTOWER_POLL_INTERVAL': 1800}, 'volumes': ['/var/run/docker.sock:/var/run/docker.sock']}}}"
photoprism/photoprism,latest,/docker/examples/docker-compose.yml,"{'version': '3.5', 'services': {'photoprism': {'image': 'photoprism/photoprism:latest', 'depends_on': ['mariadb'], 'security_opt': ['seccomp:unconfined', 'apparmor:unconfined'], 'ports': ['2342:2342'], 'environment': {'PHOTOPRISM_ADMIN_PASSWORD': 'insecure', 'PHOTOPRISM_SITE_URL': 'http://localhost:2342/', 'PHOTOPRISM_ORIGINALS_LIMIT': 5000, 'PHOTOPRISM_HTTP_COMPRESSION': 'gzip', 'PHOTOPRISM_DEBUG': 'false', 'PHOTOPRISM_PUBLIC': 'false', 'PHOTOPRISM_READONLY': 'false', 'PHOTOPRISM_EXPERIMENTAL': 'false', 'PHOTOPRISM_DISABLE_CHOWN': 'false', 'PHOTOPRISM_DISABLE_WEBDAV': 'false', 'PHOTOPRISM_DISABLE_SETTINGS': 'false', 'PHOTOPRISM_DISABLE_TENSORFLOW': 'false', 'PHOTOPRISM_DISABLE_FACES': 'false', 'PHOTOPRISM_DISABLE_CLASSIFICATION': 'false', 'PHOTOPRISM_DARKTABLE_PRESETS': 'false', 'PHOTOPRISM_DETECT_NSFW': 'false', 'PHOTOPRISM_UPLOAD_NSFW': 'true', 'PHOTOPRISM_DATABASE_DRIVER': 'mysql', 'PHOTOPRISM_DATABASE_SERVER': 'mariadb:3306', 'PHOTOPRISM_DATABASE_NAME': 'photoprism', 'PHOTOPRISM_DATABASE_USER': 'photoprism', 'PHOTOPRISM_DATABASE_PASSWORD': 'insecure', 'PHOTOPRISM_SITE_TITLE': 'PhotoPrism', 'PHOTOPRISM_SITE_CAPTION': 'Browse Your Life', 'PHOTOPRISM_SITE_DESCRIPTION': '', 'PHOTOPRISM_SITE_AUTHOR': '', 'HOME': '/photoprism'}, 'working_dir': '/photoprism', 'volumes': ['~/Pictures:/photoprism/originals', './storage:/photoprism/storage']}, 'mariadb': {'restart': 'unless-stopped', 'image': 'mariadb:10.6', 'security_opt': ['seccomp:unconfined', 'apparmor:unconfined'], 'command': 'mysqld --innodb-buffer-pool-size=128M --transaction-isolation=READ-COMMITTED --character-set-server=utf8mb4 --collation-server=utf8mb4_unicode_ci --max-connections=512 --innodb-rollback-on-timeout=OFF --innodb-lock-wait-timeout=120', 'volumes': ['./database:/var/lib/mysql'], 'environment': {'MYSQL_ROOT_PASSWORD': 'insecure', 'MYSQL_DATABASE': 'photoprism', 'MYSQL_USER': 'photoprism', 'MYSQL_PASSWORD': 'insecure'}}}}"
photoprism/photoprism,latest,/docker/examples/macos/docker-compose.yml,"{'version': '3.5', 'services': {'photoprism': {'image': 'photoprism/photoprism:latest', 'depends_on': ['mariadb'], 'security_opt': ['seccomp:unconfined', 'apparmor:unconfined'], 'ports': ['2342:2342'], 'environment': {'PHOTOPRISM_ADMIN_PASSWORD': 'insecure', 'PHOTOPRISM_SITE_URL': 'http://localhost:2342/', 'PHOTOPRISM_ORIGINALS_LIMIT': 5000, 'PHOTOPRISM_HTTP_COMPRESSION': 'gzip', 'PHOTOPRISM_DEBUG': 'false', 'PHOTOPRISM_PUBLIC': 'false', 'PHOTOPRISM_READONLY': 'false', 'PHOTOPRISM_EXPERIMENTAL': 'false', 'PHOTOPRISM_DISABLE_CHOWN': 'false', 'PHOTOPRISM_DISABLE_WEBDAV': 'false', 'PHOTOPRISM_DISABLE_SETTINGS': 'false', 'PHOTOPRISM_DISABLE_TENSORFLOW': 'false', 'PHOTOPRISM_DISABLE_FACES': 'false', 'PHOTOPRISM_DISABLE_CLASSIFICATION': 'false', 'PHOTOPRISM_DARKTABLE_PRESETS': 'false', 'PHOTOPRISM_DETECT_NSFW': 'false', 'PHOTOPRISM_UPLOAD_NSFW': 'true', 'PHOTOPRISM_DATABASE_DRIVER': 'mysql', 'PHOTOPRISM_DATABASE_SERVER': 'mariadb:3306', 'PHOTOPRISM_DATABASE_NAME': 'photoprism', 'PHOTOPRISM_DATABASE_USER': 'photoprism', 'PHOTOPRISM_DATABASE_PASSWORD': 'insecure', 'PHOTOPRISM_SITE_TITLE': 'PhotoPrism', 'PHOTOPRISM_SITE_CAPTION': 'Browse Your Life', 'PHOTOPRISM_SITE_DESCRIPTION': '', 'PHOTOPRISM_SITE_AUTHOR': '', 'HOME': '/photoprism'}, 'volumes': ['~/Pictures:/photoprism/originals', './storage:/photoprism/storage']}, 'mariadb': {'restart': 'unless-stopped', 'image': 'mariadb:10.6', 'security_opt': ['seccomp:unconfined', 'apparmor:unconfined'], 'command': 'mysqld --lower-case-table-names=1 --innodb-buffer-pool-size=128M --transaction-isolation=READ-COMMITTED --character-set-server=utf8mb4 --collation-server=utf8mb4_unicode_ci --max-connections=512 --innodb-rollback-on-timeout=OFF --innodb-lock-wait-timeout=120', 'volumes': ['database:/var/lib/mysql'], 'environment': {'MYSQL_ROOT_PASSWORD': 'insecure', 'MYSQL_DATABASE': 'photoprism', 'MYSQL_USER': 'photoprism', 'MYSQL_PASSWORD': 'insecure'}}}, 'volumes': {'database': {'driver': 'local'}}}"
photoprism/photoprism,latest,/docker/examples/scheduler/docker-compose.yml,"{'version': '3.5', 'services': {'photoprism': {'image': 'photoprism/photoprism:latest', 'container_name': 'photoprism', 'depends_on': ['mariadb'], 'security_opt': ['seccomp:unconfined', 'apparmor:unconfined'], 'ports': ['2342:2342'], 'environment': {'PHOTOPRISM_ADMIN_PASSWORD': 'insecure', 'PHOTOPRISM_SITE_URL': 'http://localhost:2342/', 'PHOTOPRISM_ORIGINALS_LIMIT': 5000, 'PHOTOPRISM_HTTP_COMPRESSION': 'gzip', 'PHOTOPRISM_DEBUG': 'false', 'PHOTOPRISM_PUBLIC': 'false', 'PHOTOPRISM_READONLY': 'false', 'PHOTOPRISM_EXPERIMENTAL': 'false', 'PHOTOPRISM_DISABLE_CHOWN': 'false', 'PHOTOPRISM_DISABLE_WEBDAV': 'false', 'PHOTOPRISM_DISABLE_SETTINGS': 'false', 'PHOTOPRISM_DISABLE_TENSORFLOW': 'false', 'PHOTOPRISM_DISABLE_FACES': 'false', 'PHOTOPRISM_DISABLE_CLASSIFICATION': 'false', 'PHOTOPRISM_DARKTABLE_PRESETS': 'false', 'PHOTOPRISM_DETECT_NSFW': 'false', 'PHOTOPRISM_UPLOAD_NSFW': 'true', 'PHOTOPRISM_DATABASE_DRIVER': 'mysql', 'PHOTOPRISM_DATABASE_SERVER': 'mariadb:3306', 'PHOTOPRISM_DATABASE_NAME': 'photoprism', 'PHOTOPRISM_DATABASE_USER': 'photoprism', 'PHOTOPRISM_DATABASE_PASSWORD': 'insecure', 'PHOTOPRISM_SITE_TITLE': 'PhotoPrism', 'PHOTOPRISM_SITE_CAPTION': 'Browse Your Life', 'PHOTOPRISM_SITE_DESCRIPTION': '', 'PHOTOPRISM_SITE_AUTHOR': '', 'HOME': '/photoprism'}, 'working_dir': '/photoprism', 'volumes': ['~/Pictures:/photoprism/originals', './storage:/photoprism/storage']}, 'mariadb': {'restart': 'unless-stopped', 'image': 'mariadb:10.6', 'container_name': 'mariadb', 'security_opt': ['seccomp:unconfined', 'apparmor:unconfined'], 'command': 'mysqld --innodb-buffer-pool-size=128M --transaction-isolation=READ-COMMITTED --character-set-server=utf8mb4 --collation-server=utf8mb4_unicode_ci --max-connections=512 --innodb-rollback-on-timeout=OFF --innodb-lock-wait-timeout=120', 'volumes': ['./database:/var/lib/mysql'], 'environment': {'MYSQL_ROOT_PASSWORD': 'insecure', 'MYSQL_DATABASE': 'photoprism', 'MYSQL_USER': 'photoprism', 'MYSQL_PASSWORD': 'insecure'}}, 'ofelia': {'restart': 'unless-stopped', 'image': 'mcuadros/ofelia:latest', 'container_name': 'ofelia', 'volumes': ['/var/run/docker.sock:/var/run/docker.sock:ro', './jobs.ini:/etc/ofelia/config.ini']}}}"
photoprism/photoprism,latest,/docker/examples/armv7/docker-compose.yml,"{'version': '3.5', 'services': {'photoprism': {'image': 'photoprism/photoprism:armv7', 'depends_on': ['mariadb'], 'security_opt': ['seccomp:unconfined', 'apparmor:unconfined'], 'ports': ['2342:2342'], 'environment': {'PHOTOPRISM_ADMIN_PASSWORD': 'insecure', 'PHOTOPRISM_SITE_URL': 'http://localhost:2342/', 'PHOTOPRISM_ORIGINALS_LIMIT': 5000, 'PHOTOPRISM_HTTP_COMPRESSION': 'none', 'PHOTOPRISM_WORKERS': 1, 'PHOTOPRISM_DEBUG': 'false', 'PHOTOPRISM_PUBLIC': 'false', 'PHOTOPRISM_READONLY': 'false', 'PHOTOPRISM_EXPERIMENTAL': 'false', 'PHOTOPRISM_DISABLE_CHOWN': 'false', 'PHOTOPRISM_DISABLE_WEBDAV': 'false', 'PHOTOPRISM_DISABLE_SETTINGS': 'false', 'PHOTOPRISM_DISABLE_TENSORFLOW': 'false', 'PHOTOPRISM_DISABLE_FACES': 'false', 'PHOTOPRISM_DISABLE_CLASSIFICATION': 'false', 'PHOTOPRISM_DETECT_NSFW': 'false', 'PHOTOPRISM_UPLOAD_NSFW': 'true', 'PHOTOPRISM_DATABASE_DRIVER': 'mysql', 'PHOTOPRISM_DATABASE_SERVER': 'mariadb:3306', 'PHOTOPRISM_DATABASE_NAME': 'photoprism', 'PHOTOPRISM_DATABASE_USER': 'photoprism', 'PHOTOPRISM_DATABASE_PASSWORD': 'insecure', 'PHOTOPRISM_SITE_TITLE': 'PhotoPrism', 'PHOTOPRISM_SITE_CAPTION': 'Browse Your Life', 'PHOTOPRISM_SITE_DESCRIPTION': '', 'PHOTOPRISM_SITE_AUTHOR': '', 'HOME': '/photoprism'}, 'working_dir': '/photoprism', 'volumes': ['~/Pictures:/photoprism/originals', './storage:/photoprism/storage']}, 'mariadb': {'restart': 'unless-stopped', 'image': 'linuxserver/mariadb:latest', 'security_opt': ['seccomp:unconfined', 'apparmor:unconfined'], 'volumes': ['./mariadb:/config'], 'environment': {'MYSQL_ROOT_PASSWORD': 'insecure', 'MYSQL_DATABASE': 'photoprism', 'MYSQL_USER': 'photoprism', 'MYSQL_PASSWORD': 'insecure'}}}}"
photoprism/photoprism,latest,/docker/examples/sqlite/docker-compose.yml,"{'version': '3.5', 'services': {'photoprism': {'image': 'photoprism/photoprism:latest', 'security_opt': ['seccomp:unconfined', 'apparmor:unconfined'], 'ports': ['2342:2342'], 'environment': {'PHOTOPRISM_ADMIN_PASSWORD': 'insecure', 'PHOTOPRISM_SITE_URL': 'http://localhost:2342/', 'PHOTOPRISM_ORIGINALS_LIMIT': 5000, 'PHOTOPRISM_HTTP_COMPRESSION': 'gzip', 'PHOTOPRISM_DEBUG': 'false', 'PHOTOPRISM_PUBLIC': 'false', 'PHOTOPRISM_READONLY': 'false', 'PHOTOPRISM_EXPERIMENTAL': 'false', 'PHOTOPRISM_DISABLE_CHOWN': 'false', 'PHOTOPRISM_DISABLE_WEBDAV': 'false', 'PHOTOPRISM_DISABLE_SETTINGS': 'false', 'PHOTOPRISM_DISABLE_TENSORFLOW': 'false', 'PHOTOPRISM_DISABLE_FACES': 'false', 'PHOTOPRISM_DISABLE_CLASSIFICATION': 'false', 'PHOTOPRISM_DARKTABLE_PRESETS': 'true', 'PHOTOPRISM_DETECT_NSFW': 'false', 'PHOTOPRISM_UPLOAD_NSFW': 'true', 'PHOTOPRISM_DATABASE_DRIVER': 'sqlite', 'PHOTOPRISM_SITE_TITLE': 'PhotoPrism', 'PHOTOPRISM_SITE_CAPTION': 'Browse Your Life', 'PHOTOPRISM_SITE_DESCRIPTION': '', 'PHOTOPRISM_SITE_AUTHOR': '', 'HOME': '/photoprism'}, 'working_dir': '/photoprism', 'volumes': ['~/Pictures:/photoprism/originals', './storage:/photoprism/storage']}}}"
photoprism/photoprism,latest,/docker/examples/cloud/docker-compose.yml,"{'version': '3.5', 'services': {'photoprism': {'restart': 'always', 'image': 'photoprism/photoprism:latest', 'container_name': 'photoprism', 'depends_on': ['mariadb'], 'security_opt': ['seccomp:unconfined', 'apparmor:unconfined'], 'user': '1000:1000', 'labels': ['traefik.enable=true', 'traefik.http.services.photoprism.loadbalancer.server.port=2342', 'traefik.http.routers.photoprism.tls=true', 'traefik.http.routers.photoprism.entrypoints=websecure', 'traefik.http.routers.photoprism.rule=PathPrefix(`/`)', 'traefik.http.routers.photoprism.tls.domains[0].main=example.com', 'traefik.http.routers.photoprism.tls.domains[0].sans=*.example.com'], 'environment': {'PHOTOPRISM_SITE_URL': 'https://_public_ip_/', 'PHOTOPRISM_SITE_TITLE': 'PhotoPrism', 'PHOTOPRISM_SITE_CAPTION': 'Browse Your Life', 'PHOTOPRISM_SITE_DESCRIPTION': '', 'PHOTOPRISM_SITE_AUTHOR': '', 'PHOTOPRISM_ADMIN_PASSWORD': '_admin_password_', 'PHOTOPRISM_ORIGINALS_LIMIT': 5000, 'PHOTOPRISM_HTTP_COMPRESSION': 'gzip', 'PHOTOPRISM_DEBUG': 'false', 'PHOTOPRISM_PUBLIC': 'false', 'PHOTOPRISM_READONLY': 'false', 'PHOTOPRISM_EXPERIMENTAL': 'false', 'PHOTOPRISM_DISABLE_CHOWN': 'false', 'PHOTOPRISM_DISABLE_WEBDAV': 'false', 'PHOTOPRISM_DISABLE_SETTINGS': 'false', 'PHOTOPRISM_DISABLE_TENSORFLOW': 'false', 'PHOTOPRISM_DISABLE_FACES': 'false', 'PHOTOPRISM_DISABLE_CLASSIFICATION': 'false', 'PHOTOPRISM_DARKTABLE_PRESETS': 'false', 'PHOTOPRISM_DETECT_NSFW': 'false', 'PHOTOPRISM_UPLOAD_NSFW': 'true', 'PHOTOPRISM_DATABASE_DRIVER': 'mysql', 'PHOTOPRISM_DATABASE_SERVER': 'mariadb:3306', 'PHOTOPRISM_DATABASE_NAME': 'photoprism', 'PHOTOPRISM_DATABASE_USER': 'photoprism', 'PHOTOPRISM_DATABASE_PASSWORD': '_admin_password_', 'PHOTOPRISM_INIT': 'tensorflow-amd64-avx2', 'HOME': '/photoprism'}, 'working_dir': '/photoprism', 'volumes': ['./originals:/photoprism/originals', './import:/photoprism/import', './storage:/photoprism/storage', './backup:/var/lib/photoprism']}, 'traefik': {'restart': 'always', 'image': 'traefik:v2.5', 'container_name': 'traefik', 'ports': ['80:80', '443:443'], 'expose': ['80', '443'], 'volumes': ['/var/run/docker.sock:/var/run/docker.sock', './traefik/:/data/', './traefik.yaml:/etc/traefik/traefik.yaml', './certs/:/certs/']}, 'mariadb': {'restart': 'always', 'image': 'mariadb:10.6', 'container_name': 'mariadb', 'security_opt': ['seccomp:unconfined', 'apparmor:unconfined'], 'command': 'mysqld --innodb-buffer-pool-size=128M --transaction-isolation=READ-COMMITTED --character-set-server=utf8mb4 --collation-server=utf8mb4_unicode_ci --max-connections=512 --innodb-rollback-on-timeout=OFF --innodb-lock-wait-timeout=120', 'volumes': ['./database:/var/lib/mysql'], 'environment': {'MYSQL_ROOT_PASSWORD': '_admin_password_', 'MYSQL_DATABASE': 'photoprism', 'MYSQL_USER': 'photoprism', 'MYSQL_PASSWORD': '_admin_password_'}}, 'ofelia': {'restart': 'always', 'image': 'mcuadros/ofelia:latest', 'container_name': 'ofelia', 'volumes': ['/var/run/docker.sock:/var/run/docker.sock:ro', './jobs.ini:/etc/ofelia/config.ini']}, 'watchtower': {'restart': 'always', 'image': 'containrrr/watchtower', 'container_name': 'watchtower', 'environment': {'WATCHTOWER_CLEANUP': 'true', 'WATCHTOWER_POLL_INTERVAL': 86400}, 'volumes': ['/var/run/docker.sock:/var/run/docker.sock']}}}"
photoprism/photoprism,latest,/docker/examples/windows/docker-compose.yml,"{'version': '3.5', 'services': {'photoprism': {'image': 'photoprism/photoprism:latest', 'depends_on': ['mariadb'], 'security_opt': ['seccomp:unconfined', 'apparmor:unconfined'], 'ports': ['2342:2342'], 'environment': {'PHOTOPRISM_ADMIN_PASSWORD': 'insecure', 'PHOTOPRISM_SITE_URL': 'http://localhost:2342/', 'PHOTOPRISM_ORIGINALS_LIMIT': 5000, 'PHOTOPRISM_HTTP_COMPRESSION': 'gzip', 'PHOTOPRISM_DEBUG': 'false', 'PHOTOPRISM_PUBLIC': 'false', 'PHOTOPRISM_READONLY': 'false', 'PHOTOPRISM_EXPERIMENTAL': 'false', 'PHOTOPRISM_DISABLE_CHOWN': 'false', 'PHOTOPRISM_DISABLE_WEBDAV': 'false', 'PHOTOPRISM_DISABLE_SETTINGS': 'false', 'PHOTOPRISM_DISABLE_TENSORFLOW': 'false', 'PHOTOPRISM_DISABLE_FACES': 'false', 'PHOTOPRISM_DISABLE_CLASSIFICATION': 'false', 'PHOTOPRISM_DARKTABLE_PRESETS': 'false', 'PHOTOPRISM_DETECT_NSFW': 'false', 'PHOTOPRISM_UPLOAD_NSFW': 'true', 'PHOTOPRISM_DATABASE_DRIVER': 'mysql', 'PHOTOPRISM_DATABASE_SERVER': 'mariadb:3306', 'PHOTOPRISM_DATABASE_NAME': 'photoprism', 'PHOTOPRISM_DATABASE_USER': 'photoprism', 'PHOTOPRISM_DATABASE_PASSWORD': 'insecure', 'PHOTOPRISM_SITE_TITLE': 'PhotoPrism', 'PHOTOPRISM_SITE_CAPTION': 'Browse Your Life', 'PHOTOPRISM_SITE_DESCRIPTION': '', 'PHOTOPRISM_SITE_AUTHOR': '', 'HOME': '/photoprism'}, 'working_dir': '/photoprism', 'volumes': ['~/Pictures:/photoprism/originals', './storage:/photoprism/storage']}, 'mariadb': {'restart': 'unless-stopped', 'image': 'mariadb:10.6', 'security_opt': ['seccomp:unconfined', 'apparmor:unconfined'], 'command': 'mysqld --innodb-buffer-pool-size=128M --lower-case-table-names=1 --transaction-isolation=READ-COMMITTED --character-set-server=utf8mb4 --collation-server=utf8mb4_unicode_ci --max-connections=512 --innodb-rollback-on-timeout=OFF --innodb-lock-wait-timeout=120', 'volumes': ['database:/var/lib/mysql'], 'environment': {'MYSQL_ROOT_PASSWORD': 'insecure', 'MYSQL_DATABASE': 'photoprism', 'MYSQL_USER': 'photoprism', 'MYSQL_PASSWORD': 'insecure'}}}, 'volumes': {'database': {'driver': 'local'}}}"
photoprism/photoprism,latest,/docker/examples/arm64/docker-compose.yml,"{'version': '3.5', 'services': {'photoprism': {'image': 'photoprism/photoprism:latest', 'depends_on': ['mariadb'], 'security_opt': ['seccomp:unconfined', 'apparmor:unconfined'], 'ports': ['2342:2342'], 'environment': {'PHOTOPRISM_ADMIN_PASSWORD': 'insecure', 'PHOTOPRISM_SITE_URL': 'http://localhost:2342/', 'PHOTOPRISM_ORIGINALS_LIMIT': 5000, 'PHOTOPRISM_HTTP_COMPRESSION': 'none', 'PHOTOPRISM_WORKERS': 2, 'PHOTOPRISM_DEBUG': 'false', 'PHOTOPRISM_PUBLIC': 'false', 'PHOTOPRISM_READONLY': 'false', 'PHOTOPRISM_EXPERIMENTAL': 'false', 'PHOTOPRISM_DISABLE_CHOWN': 'false', 'PHOTOPRISM_DISABLE_WEBDAV': 'false', 'PHOTOPRISM_DISABLE_SETTINGS': 'false', 'PHOTOPRISM_DISABLE_TENSORFLOW': 'false', 'PHOTOPRISM_DISABLE_FACES': 'false', 'PHOTOPRISM_DISABLE_CLASSIFICATION': 'false', 'PHOTOPRISM_DARKTABLE_PRESETS': 'true', 'PHOTOPRISM_DETECT_NSFW': 'false', 'PHOTOPRISM_UPLOAD_NSFW': 'true', 'PHOTOPRISM_DATABASE_DRIVER': 'mysql', 'PHOTOPRISM_DATABASE_SERVER': 'mariadb:3306', 'PHOTOPRISM_DATABASE_NAME': 'photoprism', 'PHOTOPRISM_DATABASE_USER': 'photoprism', 'PHOTOPRISM_DATABASE_PASSWORD': 'insecure', 'PHOTOPRISM_SITE_TITLE': 'PhotoPrism', 'PHOTOPRISM_SITE_CAPTION': 'Browse Your Life', 'PHOTOPRISM_SITE_DESCRIPTION': '', 'PHOTOPRISM_SITE_AUTHOR': '', 'HOME': '/photoprism'}, 'working_dir': '/photoprism', 'volumes': ['~/Pictures:/photoprism/originals', './storage:/photoprism/storage']}, 'mariadb': {'restart': 'unless-stopped', 'image': 'arm64v8/mariadb:10.6', 'security_opt': ['seccomp:unconfined', 'apparmor:unconfined'], 'command': 'mysqld --innodb-buffer-pool-size=128M --transaction-isolation=READ-COMMITTED --character-set-server=utf8mb4 --collation-server=utf8mb4_unicode_ci --max-connections=512 --innodb-rollback-on-timeout=OFF --innodb-lock-wait-timeout=120', 'volumes': ['./database:/var/lib/mysql'], 'environment': {'MYSQL_ROOT_PASSWORD': 'insecure', 'MYSQL_DATABASE': 'photoprism', 'MYSQL_USER': 'photoprism', 'MYSQL_PASSWORD': 'insecure'}}}}"
photoprism/photoprism,latest,/docker/ddns/docker-compose.yml,"{'version': '3.5', 'services': {'ddns': {'image': 'photoprism/ddns:latest', 'user': '1000:1000', 'volumes': ['./config:/config']}}}"
deepset-ai/FARM,latest,/docker-compose.yml,"{'version': '3', 'services': {'inference-api': {'image': 'deepset/farm-inference-api:base-models-0.4.2', 'ports': ['5000:5000'], 'volumes': ['./saved_models:/home/user/saved_models']}, 'inference-ui': {'image': 'deepset/farm-inference-ui:latest', 'ports': ['3000:80']}}}"
LBNL-UCB-STI/beam,latest,/metrics/docker-compose.yml,"{'version': '2', 'services': {'grafana_graphite': {'build': '.', 'image': 'kamon/grafana_graphite', 'container_name': 'kamon-grafana-dashboard', 'ports': ['80:80', '81:81', '8125:8125/udp', '8126:8126', '2003:2003'], 'volumes': ['./data/whisper:/opt/graphite/storage/whisper', './data/grafana:/opt/grafana/data', './log/graphite:/opt/graphite/storage/log', './log/supervisor:/var/log/supervisor']}}}"
LBNL-UCB-STI/beam,latest,/metrics2.0/docker-compose.yml,"{'version': '3.3', 'services': {'influxdb-grafana': {'image': 'philhawthorne/docker-influxdb-grafana:latest', 'container_name': 'docker-influxdb-grafana', 'volumes': ['./grafana/plugins:/var/lib/grafana/plugins', './grafana/datasources:/etc/grafana/datasources', './grafana/dashboards:/etc/grafana/dashboards', './influxdb/snapshot:/var/lib/influxdb/snapshot', './setup.sh:/setup.sh'], 'entrypoint': '/setup.sh', 'environment': ['GF_SECURITY_ADMIN_USER=${ADMIN_USER:-root}', 'GF_SECURITY_ADMIN_PASSWORD=${ADMIN_PASSWORD:-root}', 'GF_USERS_ALLOW_SIGN_UP=false', 'GF_AUTH_ANONYMOUS_ENABLED=true', 'GF_AUTH_ANONYMOUS_ORG_NAME=Main Org.', 'GF_AUTH_ANONYMOUS_ORG_ROLE=Editor'], 'restart': 'unless-stopped', 'ports': ['3003:3003', '3004:8083', '8086:8086']}}}"
jguwekarest/jguwekarest,latest,/docker-compose.yml,"{'version': '3', 'services': {'mongo': {'image': 'mongo', 'container_name': 'jguwekamongo', 'restart': 'always'}, 'jguweka': {'image': 'jguweka/jguweka:OAS3', 'container_name': 'jguwekarest', 'restart': 'always', 'links': ['mongo:mongodb'], 'ports': ['8081:8080'], 'depends_on': ['mongo'], 'labels': ['service-name:jguweka', 'service-type:app-srv', 'environment:test']}}}"
z1pti3/jimi,latest,/.devcontainer/docker-compose.yml,"{'version': '3', 'services': {'app': {'build': {'context': '..', 'dockerfile': '.devcontainer/Dockerfile', 'args': {'VARIANT': 3, 'USER_UID': 1000, 'USER_GID': 1000}}, 'volumes': ['..:/workspace:cached'], 'command': 'sleep infinity', 'network_mode': 'service:db'}, 'db': {'image': 'mongo:latest', 'restart': 'unless-stopped', 'volumes': ['mongodb-data:/data/db']}}, 'volumes': {'mongodb-data': None}}"
norkator/open-intelligence,latest,/docker-compose.yml_tpl,"{'version': '3', 'services': {'open-intelligence-app-py': {'deploy': {'replicas': 2}, 'build': {'context': '.', 'dockerfile': 'app.Dockerfile'}, 'volumes': ['./:/app']}, 'open-intelligence-insight-face-py': {'container_name': 'open-intelligence-insight-face-py', 'build': {'context': '.', 'dockerfile': 'if.Dockerfile'}, 'volumes': ['./:/app']}, 'open-intelligence-super-resolution-py': {'container_name': 'open-intelligence-super-resolution-py', 'build': {'context': '.', 'dockerfile': 'sr.Dockerfile'}, 'volumes': ['./:/app']}, 'open-intelligence-similarity-process-py': {'container_name': 'open-intelligence-similarity-process-py', 'build': {'context': '.', 'dockerfile': 'sp.Dockerfile'}, 'volumes': ['./:/app']}, 'open-intelligence-front': {'container_name': 'open-intelligence-front', 'build': './api', 'ports': ['4300:4300', '3000:3000'], 'depends_on': ['open-intelligence-app-py'], 'volumes': ['./config.ini:/usr/src/config.ini'], 'environment': ['REACT_APP_API_BASE_URL=http://<your-server-ip-address>:4300/', 'NODE_ENV=development', 'LOGGING=true', 'API_PORT=4300', 'DB_DIALECT=postgres', 'DB_USER=your-postgresql-server-user', 'DB_HOST=your-postgresql-server-address', 'DB_DATABASE=intelligence', 'DB_PASSWORD=your-postgresql-server-password', 'DB_PORT=5432', 'SEQ_LOGGING=false', 'DATE_TIME_FORMAT=YYYY-MM-DD HH:mm', 'ALLOW_ACCESS_ORIGIN_ALL=true', 'EMAIL_ENABLED=False', 'EMAIL_HOST=smtp-mail.somemail.com', 'EMAIL_PORT=587', 'EMAIL_USER=', 'EMAIL_PASSWORD=', 'EMAIL_TO_ADDRESS=address1@address.com,address2@addres.com']}}}"
farm-ng/tractor,latest,/docker/docker-compose.yml,"{'version': '3.3', 'services': {'ipc_logger': {'image': 'farmng/base:latest', 'build': {'context': '..', 'dockerfile': 'docker/base.Dockerfile'}, 'entrypoint': 'build/modules/core/cpp/farm_ng/ipc_logger', 'environment': ['BLOBSTORE_ROOT=/blobstore'], 'volumes': ['${BLOBSTORE_ROOT:?err}:/blobstore'], 'network_mode': 'host'}, 'programd': {'entrypoint': 'python -m farm_ng.core.programd', 'image': 'farmng/base:latest', 'build': {'context': '..', 'dockerfile': 'docker/base.Dockerfile'}, 'environment': ['BLOBSTORE_ROOT=/blobstore'], 'volumes': ['${BLOBSTORE_ROOT:?err}:/blobstore'], 'network_mode': 'host'}, 'webservices': {'image': 'farmng/base:latest', 'build': {'context': '..', 'dockerfile': 'docker/base.Dockerfile'}, 'entrypoint': 'build/go/farm_ng_webservices', 'environment': ['BLOBSTORE_ROOT=/blobstore', 'PORT=8989'], 'volumes': ['${BLOBSTORE_ROOT:?err}:/blobstore'], 'network_mode': 'host'}}}"
farm-ng/tractor,latest,/docker/devel/docker-compose.yml,"{'version': '3.3', 'services': {'workspace': {'build': {'context': './', 'dockerfile': 'user_devel.Dockerfile', 'args': {'USERNAME': '${USER}', 'USER_UID': '${uid}', 'FARM_NG_DEVEL_IMAGE': '${FARM_NG_DEVEL_IMAGE}'}}, 'command': '/workspace/tractor/docker/devel/loop_forever.sh', 'environment': ['BLOBSTORE_ROOT=/blobstore'], 'volumes': ['../../.devel_home:/home/${USER}', '${BLOBSTORE_ROOT}:/blobstore', '../..:/workspace/tractor'], 'working_dir': '/workspace/tractor', 'network_mode': 'host'}}}"
farm-ng/tractor,latest,/modules/core/tests/docker-compose.ipc_publisher_test.yml,"{'version': '3.3', 'services': {'test_runner': {'entrypoint': 'python modules/core/tests/ipc_publisher_test.py'}}}"
farm-ng/tractor,latest,/modules/core/tests/docker-compose.yml,"{'version': '3.3', 'services': {'ipc_logger': {'image': 'farmng/base:${TAG:?err}', 'build': {'context': '../../..', 'dockerfile': 'docker/base.Dockerfile'}, 'entrypoint': 'build/modules/core/cpp/farm_ng/ipc_logger', 'user': '${_UID}:${_GID}', 'network_mode': 'host', 'environment': ['BLOBSTORE_ROOT=/blobstore'], 'volumes': ['${BLOBSTORE_ROOT:?err}:/blobstore']}, 'test_runner': {'image': 'farmng/base:${TAG:?err}', 'build': {'context': '../../..', 'dockerfile': 'docker/base.Dockerfile'}, 'network_mode': 'host', 'environment': ['BLOBSTORE_ROOT=/blobstore'], 'volumes': ['${BLOBSTORE_ROOT:?err}:/blobstore']}}}"
